{
"type": "FeatureCollection",
"name": "Basic Village Data",
"features": [
{ "type": "Feature", "properties": { "Name": "KAWANDE" }, "geometry": { "type": "Point", "coordinates": [ 80.7082004, 19.2848226, 0.0 ] } },
{ "type": "Feature", "properties": { "Name": "godiya" }, "geometry": { "type": "Point", "coordinates": [ 80.9828671, 19.1216256, 0.0 ] } },
{ "type": "Feature", "properties": { "Name": "HP" }, "geometry": { "type": "Point", "coordinates": [ 81.1358905, 19.3329578, 0.0 ] } },
{ "type": "Feature", "properties": { "Name": "gudra" }, "geometry": { "type": "Point", "coordinates": [ 80.9657015, 19.132277, 0.0 ] } },
{ "type": "Feature", "properties": { "Name": "utanbadi" }, "geometry": { "type": "Point", "coordinates": [ 80.960353, 19.1389583, 0.0 ] } },
{ "type": "Feature", "properties": { "Name": "dodum" }, "geometry": { "type": "Point", "coordinates": [ 80.9435944, 19.1427114, 0.0 ] } },
{ "type": "Feature", "properties": { "Name": "Chhotepalli" }, "geometry": { "type": "Point", "coordinates": [ 81.0412821, 19.105145, 0.0 ] } },
{ "type": "Feature", "properties": { "Name": "Kiringa" }, "geometry": { "type": "Point", "coordinates": [ 81.1039403, 19.2194494, 0.0 ] } },
{ "type": "Feature", "properties": { "Name": "Ikul" }, "geometry": { "type": "Point", "coordinates": [ 81.1429339, 19.2280626, 0.0 ] } },
{ "type": "Feature", "properties": { "Name": "ondetoda" }, "geometry": { "type": "Point", "coordinates": [ 80.7635704, 19.7028394, 0.0 ] } },
{ "type": "Feature", "properties": { "Name": "NAGUNDA" }, "geometry": { "type": "Point", "coordinates": [ 80.7897447, 19.6970881, 0.0 ] } },
{ "type": "Feature", "properties": { "Name": "WALA" }, "geometry": { "type": "Point", "coordinates": [ 80.7104037, 19.7457978, 0.0 ] } },
{ "type": "Feature", "properties": { "Name": "Chhinpadar" }, "geometry": { "type": "Point", "coordinates": [ 80.6665117, 19.7678289, 0.0 ] } },
{ "type": "Feature", "properties": { "Name": "Angmeta" }, "geometry": { "type": "Point", "coordinates": [ 80.9938368, 19.1371735, 0.0 ] } },
{ "type": "Feature", "properties": { "Name": "mode marka" }, "geometry": { "type": "Point", "coordinates": [ 80.6554252, 19.7630774, 0.0 ] } },
{ "type": "Feature", "properties": { "Name": "Sitram" }, "geometry": { "type": "Point", "coordinates": [ 80.680418, 19.787871, 0.0 ] } },
{ "type": "Feature", "properties": { "Name": "Rajatola" }, "geometry": { "type": "Point", "coordinates": [ 80.683654, 19.817203, 0.0 ] } },
{ "type": "Feature", "properties": { "Name": "PS Chhotebethia" }, "geometry": { "type": "Point", "coordinates": [ 80.6329296, 19.8521306, 0.0 ] } },
{ "type": "Feature", "properties": { "Name": "CAMP MARBERA" }, "geometry": { "type": "Point", "coordinates": [ 80.65, 19.8058333, 0.0 ] } },
{ "type": "Feature", "properties": { "Name": "Camp Karkeli" }, "geometry": { "type": "Point", "coordinates": [ 80.719975, 19.1917083, 0.0 ] } },
{ "type": "Feature", "properties": { "Name": "KONGALI" }, "geometry": { "type": "Point", "coordinates": [ 80.9059915, 19.6394142, 0.0 ] } },
{ "type": "Feature", "properties": { "Name": "Aasnar" }, "geometry": { "type": "Point", "coordinates": [ 81.124758, 19.422998, 0.0 ] } },
{ "type": "Feature", "properties": { "Name": "Acheli" }, "geometry": { "type": "Point", "coordinates": [ 81.20522, 19.575501, 0.0 ] } },
{ "type": "Feature", "properties": { "Name": "REKAWAYA" }, "geometry": { "type": "Point", "coordinates": [ 81.0940967, 19.1789841, 0.0 ] } },
{ "type": "Feature", "properties": { "Name": "Aderpara" }, "geometry": { "type": "Point", "coordinates": [ 81.354716, 19.297202, 0.0 ] } },
{ "type": "Feature", "properties": { "Name": "Adingpar" }, "geometry": { "type": "Point", "coordinates": [ 80.980703, 19.416048, 0.0 ] } },
{ "type": "Feature", "properties": { "Name": "Adnar" }, "geometry": { "type": "Point", "coordinates": [ 80.8097028, 19.8867522, 0.0 ] } },
{ "type": "Feature", "properties": { "Name": "Adwal" }, "geometry": { "type": "Point", "coordinates": [ 81.432131, 19.577951, 0.0 ] } },
{ "type": "Feature", "properties": { "Name": "Adwal" }, "geometry": { "type": "Point", "coordinates": [ 81.423072, 19.784882, 0.0 ] } },
{ "type": "Feature", "properties": { "Name": "Alaanar" }, "geometry": { "type": "Point", "coordinates": [ 80.995069, 19.737145, 0.0 ] } },
{ "type": "Feature", "properties": { "Name": "Akabeda" }, "geometry": { "type": "Point", "coordinates": [ 81.0835316, 19.384302, 0.0 ] } },
{ "type": "Feature", "properties": { "Name": "Akudpara" }, "geometry": { "type": "Point", "coordinates": [ 81.311012, 19.554555, 0.0 ] } },
{ "type": "Feature", "properties": { "Name": "Alanar" }, "geometry": { "type": "Point", "coordinates": [ 81.337005, 19.925887, 0.0 ] } },
{ "type": "Feature", "properties": { "Name": "Bogdev" }, "geometry": { "type": "Point", "coordinates": [ 81.104123, 19.459875, 0.0 ] } },
{ "type": "Feature", "properties": { "Name": "Albeda" }, "geometry": { "type": "Point", "coordinates": [ 81.116507, 19.476974, 0.0 ] } },
{ "type": "Feature", "properties": { "Name": "Alnar" }, "geometry": { "type": "Point", "coordinates": [ 81.026172, 19.715777, 0.0 ] } },
{ "type": "Feature", "properties": { "Name": "Alparas" }, "geometry": { "type": "Point", "coordinates": [ 80.964158, 19.859117, 0.0 ] } },
{ "type": "Feature", "properties": { "Name": "Alparas" }, "geometry": { "type": "Point", "coordinates": [ 80.965398, 19.857736, 0.0 ] } },
{ "type": "Feature", "properties": { "Name": "Alwad" }, "geometry": { "type": "Point", "coordinates": [ 81.459939, 19.28342, 0.0 ] } },
{ "type": "Feature", "properties": { "Name": "Alwad" }, "geometry": { "type": "Point", "coordinates": [ 81.192741, 19.661404, 0.0 ] } },
{ "type": "Feature", "properties": { "Name": "Ambush" }, "geometry": { "type": "Point", "coordinates": [ 80.960976, 19.912334, 0.0 ] } },
{ "type": "Feature", "properties": { "Name": "Amlidhar" }, "geometry": { "type": "Point", "coordinates": [ 81.491656, 19.214304, 0.0 ] } },
{ "type": "Feature", "properties": { "Name": "Anjrel\nSchool" }, "geometry": { "type": "Point", "coordinates": [ 81.158179, 19.807694, 0.0 ] } },
{ "type": "Feature", "properties": { "Name": "Anjrel" }, "geometry": { "type": "Point", "coordinates": [ 81.158386, 19.818133, 0.0 ] } },
{ "type": "Feature", "properties": { "Name": "Camp Hadeli" }, "geometry": { "type": "Point", "coordinates": [ 81.4778571, 19.3637214, 0.0 ] } },
{ "type": "Feature", "properties": { "Name": "Arasgadpara" }, "geometry": { "type": "Point", "coordinates": [ 81.158214, 19.696133, 0.0 ] } },
{ "type": "Feature", "properties": { "Name": "Kachapal (Ashram)" }, "geometry": { "type": "Point", "coordinates": [ 81.025906, 19.590017, 0.0 ] } },
{ "type": "Feature", "properties": { "Name": "Kutul" }, "geometry": { "type": "Point", "coordinates": [ 81.0235556, 19.5200889, 0.0 ] } },
{ "type": "Feature", "properties": { "Name": "Atargaon" }, "geometry": { "type": "Point", "coordinates": [ 81.343192, 19.51729, 0.0 ] } },
{ "type": "Feature", "properties": { "Name": "Aturbera" }, "geometry": { "type": "Point", "coordinates": [ 81.230582, 19.866013, 0.0 ] } },
{ "type": "Feature", "properties": { "Name": "PS Bade Dongar" }, "geometry": { "type": "Point", "coordinates": [ 81.535966, 19.807642, 0.0 ] } },
{ "type": "Feature", "properties": { "Name": "Bade jamhari" }, "geometry": { "type": "Point", "coordinates": [ 81.252158, 19.642367, 0.0 ] } },
{ "type": "Feature", "properties": { "Name": "Tadogunda" }, "geometry": { "type": "Point", "coordinates": [ 80.8738383, 19.8828307, 0.0 ] } },
{ "type": "Feature", "properties": { "Name": "Badepara" }, "geometry": { "type": "Point", "coordinates": [ 81.366943, 19.331845, 0.0 ] } },
{ "type": "Feature", "properties": { "Name": "Badkanar" }, "geometry": { "type": "Point", "coordinates": [ 81.30802, 19.501339, 0.0 ] } },
{ "type": "Feature", "properties": { "Name": "Bagbeda" }, "geometry": { "type": "Point", "coordinates": [ 81.365056, 19.669179, 0.0 ] } },
{ "type": "Feature", "properties": { "Name": "Bagdongri" }, "geometry": { "type": "Point", "coordinates": [ 81.274033, 19.67452, 0.0 ] } },
{ "type": "Feature", "properties": { "Name": "Bagjhar" }, "geometry": { "type": "Point", "coordinates": [ 81.421667, 19.585524, 0.0 ] } },
{ "type": "Feature", "properties": { "Name": "bahnker" }, "geometry": { "type": "Point", "coordinates": [ 81.318163, 19.428785, 0.0 ] } },
{ "type": "Feature", "properties": { "Name": "baiha sahebhat" }, "geometry": { "type": "Point", "coordinates": [ 81.154557, 19.88732, 0.0 ] } },
{ "type": "Feature", "properties": { "Name": "Bailapad" }, "geometry": { "type": "Point", "coordinates": [ 81.416093, 19.557303, 0.0 ] } },
{ "type": "Feature", "properties": { "Name": "Balaw" }, "geometry": { "type": "Point", "coordinates": [ 81.244504, 19.615433, 0.0 ] } },
{ "type": "Feature", "properties": { "Name": "Orchapal" }, "geometry": { "type": "Point", "coordinates": [ 80.856874, 19.693813, 0.0 ] } },
{ "type": "Feature", "properties": { "Name": "Balenga" }, "geometry": { "type": "Point", "coordinates": [ 81.539387, 19.662991, 0.0 ] } },
{ "type": "Feature", "properties": { "Name": "Bamanpalli" }, "geometry": { "type": "Point", "coordinates": [ 80.385559, 19.263216, 0.0 ] } },
{ "type": "Feature", "properties": { "Name": "Tonder" }, "geometry": { "type": "Point", "coordinates": [ 80.328374, 19.185466, 0.0 ] } },
{ "type": "Feature", "properties": { "Name": "Garewade" }, "geometry": { "type": "Point", "coordinates": [ 80.317371, 19.142216, 0.0 ] } },
{ "type": "Feature", "properties": { "Name": "Bamhani" }, "geometry": { "type": "Point", "coordinates": [ 81.207776, 19.677995, 0.0 ] } },
{ "type": "Feature", "properties": { "Name": "Bamhni" }, "geometry": { "type": "Point", "coordinates": [ 81.629256, 19.532906, 0.0 ] } },
{ "type": "Feature", "properties": { "Name": "Bandapal" }, "geometry": { "type": "Point", "coordinates": [ 81.378674, 19.827386, 0.0 ] } },
{ "type": "Feature", "properties": { "Name": "Ps Bande" }, "geometry": { "type": "Point", "coordinates": [ 80.548522, 19.93399, 0.0 ] } },
{ "type": "Feature", "properties": { "Name": "Banglapara" }, "geometry": { "type": "Point", "coordinates": [ 81.380813, 19.325927, 0.0 ] } },
{ "type": "Feature", "properties": { "Name": "Bangogoria" }, "geometry": { "type": "Point", "coordinates": [ 80.676224, 19.836732, 0.0 ] } },
{ "type": "Feature", "properties": { "Name": "Bangoli" }, "geometry": { "type": "Point", "coordinates": [ 81.516872, 19.729519, 0.0 ] } },
{ "type": "Feature", "properties": { "Name": "Banspal" }, "geometry": { "type": "Point", "coordinates": [ 81.40583, 19.514636, 0.0 ] } },
{ "type": "Feature", "properties": { "Name": "Bara Korhare" }, "geometry": { "type": "Point", "coordinates": [ 81.46857, 19.381225, 0.0 ] } },
{ "type": "Feature", "properties": { "Name": "Barchi" }, "geometry": { "type": "Point", "coordinates": [ 81.223333, 19.908611, 0.0 ] } },
{ "type": "Feature", "properties": { "Name": "Barda" }, "geometry": { "type": "Point", "coordinates": [ 81.441217, 19.851096, 0.0 ] } },
{ "type": "Feature", "properties": { "Name": "Nendatte" }, "geometry": { "type": "Point", "coordinates": [ 80.9964447, 19.1716188, 0.0 ] } },
{ "type": "Feature", "properties": { "Name": "bargaon" }, "geometry": { "type": "Point", "coordinates": [ 81.340117, 19.474258, 0.0 ] } },
{ "type": "Feature", "properties": { "Name": "basing nala" }, "geometry": { "type": "Point", "coordinates": [ 81.084794, 19.709011, 0.0 ] } },
{ "type": "Feature", "properties": { "Name": "Basmeta" }, "geometry": { "type": "Point", "coordinates": [ 81.346123, 19.524837, 0.0 ] } },
{ "type": "Feature", "properties": { "Name": "Basutpara" }, "geometry": { "type": "Point", "coordinates": [ 81.041276, 19.472692, 0.0 ] } },
{ "type": "Feature", "properties": { "Name": "GODEPAR" }, "geometry": { "type": "Point", "coordinates": [ 80.8264513, 19.5050564, 0.0 ] } },
{ "type": "Feature", "properties": { "Name": "Batbeda" }, "geometry": { "type": "Point", "coordinates": [ 81.274123, 19.321076, 0.0 ] } },
{ "type": "Feature", "properties": { "Name": "Battekal" }, "geometry": { "type": "Point", "coordinates": [ 81.28762, 19.332175, 0.0 ] } },
{ "type": "Feature", "properties": { "Name": "batukpara" }, "geometry": { "type": "Point", "coordinates": [ 81.133675, 19.268414, 0.0 ] } },
{ "type": "Feature", "properties": { "Name": "Bavdi" }, "geometry": { "type": "Point", "coordinates": [ 81.304444, 19.638889, 0.0 ] } },
{ "type": "Feature", "properties": { "Name": "Ps Bayanar" }, "geometry": { "type": "Point", "coordinates": [ 81.4897283, 19.5473508, 0.0 ] } },
{ "type": "Feature", "properties": { "Name": "Bazaar" }, "geometry": { "type": "Point", "coordinates": [ 81.3905, 19.810719, 0.0 ] } },
{ "type": "Feature", "properties": { "Name": "Bazar Para" }, "geometry": { "type": "Point", "coordinates": [ 80.989075, 19.856003, 0.0 ] } },
{ "type": "Feature", "properties": { "Name": "Becha" }, "geometry": { "type": "Point", "coordinates": [ 81.366764, 19.330453, 0.0 ] } },
{ "type": "Feature", "properties": { "Name": "Bechagaon" }, "geometry": { "type": "Point", "coordinates": [ 81.034785, 19.687021, 0.0 ] } },
{ "type": "Feature", "properties": { "Name": "bedmakot" }, "geometry": { "type": "Point", "coordinates": [ 81.344722, 19.616111, 0.0 ] } },
{ "type": "Feature", "properties": { "Name": "Bedmakoti" }, "geometry": { "type": "Point", "coordinates": [ 80.9753178, 19.5239797, 0.0 ] } },
{ "type": "Feature", "properties": { "Name": "Bedmametta" }, "geometry": { "type": "Point", "coordinates": [ 81.084521, 19.497252, 0.0 ] } },
{ "type": "Feature", "properties": { "Name": "Beechpara" }, "geometry": { "type": "Point", "coordinates": [ 81.070562, 19.535626, 0.0 ] } },
{ "type": "Feature", "properties": { "Name": "Belnar" }, "geometry": { "type": "Point", "coordinates": [ 81.153616, 19.048093, 0.0 ] } },
{ "type": "Feature", "properties": { "Name": "Bingunda(MH)" }, "geometry": { "type": "Point", "coordinates": [ 80.8342811, 19.4853229, 0.0 ] } },
{ "type": "Feature", "properties": { "Name": "Beramtola" }, "geometry": { "type": "Point", "coordinates": [ 80.8023952, 19.7829033, 0.0 ] } },
{ "type": "Feature", "properties": { "Name": "Berma" }, "geometry": { "type": "Point", "coordinates": [ 81.267738, 19.488207, 0.0 ] } },
{ "type": "Feature", "properties": { "Name": "Berma" }, "geometry": { "type": "Point", "coordinates": [ 81.477484, 19.295326, 0.0 ] } },
{ "type": "Feature", "properties": { "Name": "Bhainsgaon" }, "geometry": { "type": "Point", "coordinates": [ 81.217788, 19.877053, 0.0 ] } },
{ "type": "Feature", "properties": { "Name": "Bhaisabera" }, "geometry": { "type": "Point", "coordinates": [ 81.327791, 19.948011, 0.0 ] } },
{ "type": "Feature", "properties": { "Name": "Bhamragarh" }, "geometry": { "type": "Point", "coordinates": [ 80.5874455, 19.4148161, 0.0 ] } },
{ "type": "Feature", "properties": { "Name": "Bhatbeda" }, "geometry": { "type": "Point", "coordinates": [ 81.138063, 19.2852, 0.0 ] } },
{ "type": "Feature", "properties": { "Name": "Bhatbera" }, "geometry": { "type": "Point", "coordinates": [ 81.171889, 19.453413, 0.0 ] } },
{ "type": "Feature", "properties": { "Name": "Bhatnar" }, "geometry": { "type": "Point", "coordinates": [ 81.083505, 19.481222, 0.0 ] } },
{ "type": "Feature", "properties": { "Name": "Bhatnar" }, "geometry": { "type": "Point", "coordinates": [ 81.054829, 19.928791, 0.0 ] } },
{ "type": "Feature", "properties": { "Name": "Bhatpar" }, "geometry": { "type": "Point", "coordinates": [ 80.636346, 19.330336, 0.0 ] } },
{ "type": "Feature", "properties": { "Name": "Bhiragaon" }, "geometry": { "type": "Point", "coordinates": [ 81.438005, 19.64522, 0.0 ] } },
{ "type": "Feature", "properties": { "Name": "Bhongapal" }, "geometry": { "type": "Point", "coordinates": [ 81.391662, 19.805196, 0.0 ] } },
{ "type": "Feature", "properties": { "Name": "Bhurwal" }, "geometry": { "type": "Point", "coordinates": [ 81.459787, 19.642708, 0.0 ] } },
{ "type": "Feature", "properties": { "Name": "Binagunda" }, "geometry": { "type": "Point", "coordinates": [ 80.7543528, 19.8536056, 0.0 ] } },
{ "type": "Feature", "properties": { "Name": "Binjli" }, "geometry": { "type": "Point", "coordinates": [ 81.215926, 19.745186, 0.0 ] } },
{ "type": "Feature", "properties": { "Name": "Bogan" }, "geometry": { "type": "Point", "coordinates": [ 81.003427, 19.818003, 0.0 ] } },
{ "type": "Feature", "properties": { "Name": "Bomra" }, "geometry": { "type": "Point", "coordinates": [ 81.027309, 19.885669, 0.0 ] } },
{ "type": "Feature", "properties": { "Name": "Camp bondanar" }, "geometry": { "type": "Point", "coordinates": [ 81.162744, 20.010564, 0.0 ] } },
{ "type": "Feature", "properties": { "Name": "Borand" }, "geometry": { "type": "Point", "coordinates": [ 81.260079, 19.614201, 0.0 ] } },
{ "type": "Feature", "properties": { "Name": "Borawand" }, "geometry": { "type": "Point", "coordinates": [ 81.46249, 19.704436, 0.0 ] } },
{ "type": "Feature", "properties": { "Name": "Borgaon" }, "geometry": { "type": "Point", "coordinates": [ 81.273117, 19.638253, 0.0 ] } },
{ "type": "Feature", "properties": { "Name": "Boter" }, "geometry": { "type": "Point", "coordinates": [ 80.9404043, 19.2555749, 0.0 ] } },
{ "type": "Feature", "properties": { "Name": "Botha" }, "geometry": { "type": "Point", "coordinates": [ 81.410168, 19.476979, 0.0 ] } },
{ "type": "Feature", "properties": { "Name": "Brehbera" }, "geometry": { "type": "Point", "coordinates": [ 81.38722, 19.355609, 0.0 ] } },
{ "type": "Feature", "properties": { "Name": "Brehebeda" }, "geometry": { "type": "Point", "coordinates": [ 81.207429, 19.71507, 0.0 ] } },
{ "type": "Feature", "properties": { "Name": "Bugum" }, "geometry": { "type": "Point", "coordinates": [ 81.292809, 19.287745, 0.0 ] } },
{ "type": "Feature", "properties": { "Name": "Bukintor para" }, "geometry": { "type": "Point", "coordinates": [ 81.389312, 19.377513, 0.0 ] } },
{ "type": "Feature", "properties": { "Name": "BURGUM" }, "geometry": { "type": "Point", "coordinates": [ 81.399703, 19.329152, 0.0 ] } },
{ "type": "Feature", "properties": { "Name": "Burhakhursai" }, "geometry": { "type": "Point", "coordinates": [ 81.308426, 19.885706, 0.0 ] } },
{ "type": "Feature", "properties": { "Name": "Burum ( Osmarka )" }, "geometry": { "type": "Point", "coordinates": [ 80.928039, 19.562935, 0.0 ] } },
{ "type": "Feature", "properties": { "Name": "Burvispara" }, "geometry": { "type": "Point", "coordinates": [ 81.079633, 19.762547, 0.0 ] } },
{ "type": "Feature", "properties": { "Name": "Camp Aundhi" }, "geometry": { "type": "Point", "coordinates": [ 80.476636, 20.236032, 0.0 ] } },
{ "type": "Feature", "properties": { "Name": "Camp Bedare" }, "geometry": { "type": "Point", "coordinates": [ 80.714843, 19.230408, 0.0 ] } },
{ "type": "Feature", "properties": { "Name": "Camp bhaisgaon\nkaleshwar" }, "geometry": { "type": "Point", "coordinates": [ 81.215, 19.843889, 0.0 ] } },
{ "type": "Feature", "properties": { "Name": "camp chindnar" }, "geometry": { "type": "Point", "coordinates": [ 81.3174278, 19.0822083, 0.0 ] } },
{ "type": "Feature", "properties": { "Name": "Camp Kaknar" }, "geometry": { "type": "Point", "coordinates": [ 81.558806, 19.23202, 0.0 ] } },
{ "type": "Feature", "properties": { "Name": "CAMP MARBERA" }, "geometry": { "type": "Point", "coordinates": [ 80.65, 19.8058333, 0.0 ] } },
{ "type": "Feature", "properties": { "Name": "CAMP KANHARGAON" }, "geometry": { "type": "Point", "coordinates": [ 80.483662, 19.831955, 0.0 ] } },
{ "type": "Feature", "properties": { "Name": "CAMP PANAVAR" }, "geometry": { "type": "Point", "coordinates": [ 80.548935, 19.832822, 0.0 ] } },
{ "type": "Feature", "properties": { "Name": "PUSPAL" }, "geometry": { "type": "Point", "coordinates": [ 81.412432, 19.213667, 0.0 ] } },
{ "type": "Feature", "properties": { "Name": "PS MALEWAHI" }, "geometry": { "type": "Point", "coordinates": [ 81.409915, 19.205455, 0.0 ] } },
{ "type": "Feature", "properties": { "Name": "ittapara" }, "geometry": { "type": "Point", "coordinates": [ 81.0473044, 19.3326966, 0.0 ] } },
{ "type": "Feature", "properties": { "Name": "Chalcher" }, "geometry": { "type": "Point", "coordinates": [ 81.0511261, 19.3624588, 0.0 ] } },
{ "type": "Feature", "properties": { "Name": "Chalka" }, "geometry": { "type": "Point", "coordinates": [ 81.47901, 19.614066, 0.0 ] } },
{ "type": "Feature", "properties": { "Name": "Chameli" }, "geometry": { "type": "Point", "coordinates": [ 81.332932, 19.416313, 0.0 ] } },
{ "type": "Feature", "properties": { "Name": "Chapai" }, "geometry": { "type": "Point", "coordinates": [ 81.320714, 19.829652, 0.0 ] } },
{ "type": "Feature", "properties": { "Name": "Chapai" }, "geometry": { "type": "Point", "coordinates": [ 81.50577, 19.709803, 0.0 ] } },
{ "type": "Feature", "properties": { "Name": "Chaudang" }, "geometry": { "type": "Point", "coordinates": [ 81.500286, 19.637592, 0.0 ] } },
{ "type": "Feature", "properties": { "Name": "Cherang" }, "geometry": { "type": "Point", "coordinates": [ 81.470406, 19.572099, 0.0 ] } },
{ "type": "Feature", "properties": { "Name": "Cheribeda Hub" }, "geometry": { "type": "Point", "coordinates": [ 81.489878, 19.650142, 0.0 ] } },
{ "type": "Feature", "properties": { "Name": "Cheribera" }, "geometry": { "type": "Point", "coordinates": [ 81.484991, 19.658654, 0.0 ] } },
{ "type": "Feature", "properties": { "Name": "Chhindbhatt" }, "geometry": { "type": "Point", "coordinates": [ 81.0511308, 19.8405796, 0.0 ] } },
{ "type": "Feature", "properties": { "Name": "Chhindpur" }, "geometry": { "type": "Point", "coordinates": [ 80.7860901, 19.8561006, 0.0 ] } },
{ "type": "Feature", "properties": { "Name": "Chhitpani" }, "geometry": { "type": "Point", "coordinates": [ 81.460345, 19.322787, 0.0 ] } },
{ "type": "Feature", "properties": { "Name": "Chhota Korhare" }, "geometry": { "type": "Point", "coordinates": [ 81.477092, 19.391592, 0.0 ] } },
{ "type": "Feature", "properties": { "Name": "Chhote \nBurgum" }, "geometry": { "type": "Point", "coordinates": [ 81.390209, 19.326225, 0.0 ] } },
{ "type": "Feature", "properties": { "Name": "Chhote Rainar" }, "geometry": { "type": "Point", "coordinates": [ 81.2150607, 19.4116609, 0.0 ] } },
{ "type": "Feature", "properties": { "Name": "Chote Paralnar" }, "geometry": { "type": "Point", "coordinates": [ 81.222961, 19.348728, 0.0 ] } },
{ "type": "Feature", "properties": { "Name": "phulmeta" }, "geometry": { "type": "Point", "coordinates": [ 81.197374, 19.35026, 0.0 ] } },
{ "type": "Feature", "properties": { "Name": "Chhote Tondobera" }, "geometry": { "type": "Point", "coordinates": [ 81.286667, 19.343611, 0.0 ] } },
{ "type": "Feature", "properties": { "Name": "PS Chhotebethia" }, "geometry": { "type": "Point", "coordinates": [ 80.6329296, 19.8521306, 0.0 ] } },
{ "type": "Feature", "properties": { "Name": "Chihra" }, "geometry": { "type": "Point", "coordinates": [ 81.343056, 19.396667, 0.0 ] } },
{ "type": "Feature", "properties": { "Name": "CHIKHPAL" }, "geometry": { "type": "Point", "coordinates": [ 81.401587, 19.345448, 0.0 ] } },
{ "type": "Feature", "properties": { "Name": "Chilparash" }, "geometry": { "type": "Point", "coordinates": [ 80.984705, 19.879529, 0.0 ] } },
{ "type": "Feature", "properties": { "Name": "Chimri" }, "geometry": { "type": "Point", "coordinates": [ 81.461314, 19.636985, 0.0 ] } },
{ "type": "Feature", "properties": { "Name": "Chinari" }, "geometry": { "type": "Point", "coordinates": [ 81.420232, 19.566103, 0.0 ] } },
{ "type": "Feature", "properties": { "Name": "Chingnar" }, "geometry": { "type": "Point", "coordinates": [ 81.418967, 19.758646, 0.0 ] } },
{ "type": "Feature", "properties": { "Name": "Chitapal" }, "geometry": { "type": "Point", "coordinates": [ 81.221966, 19.666282, 0.0 ] } },
{ "type": "Feature", "properties": { "Name": "Chiyanar" }, "geometry": { "type": "Point", "coordinates": [ 81.46481, 19.687043, 0.0 ] } },
{ "type": "Feature", "properties": { "Name": "Chote Pharashgaon" }, "geometry": { "type": "Point", "coordinates": [ 81.432365, 19.547784, 0.0 ] } },
{ "type": "Feature", "properties": { "Name": "Chote Suhnar" }, "geometry": { "type": "Point", "coordinates": [ 81.339625, 19.709989, 0.0 ] } },
{ "type": "Feature", "properties": { "Name": "Chote usari" }, "geometry": { "type": "Point", "coordinates": [ 81.482026, 19.448324, 0.0 ] } },
{ "type": "Feature", "properties": { "Name": "Churegaon" }, "geometry": { "type": "Point", "coordinates": [ 81.318218, 19.993082, 0.0 ] } },
{ "type": "Feature", "properties": { "Name": "Dadangir" }, "geometry": { "type": "Point", "coordinates": [ 80.804755, 19.861724, 0.0 ] } },
{ "type": "Feature", "properties": { "Name": "Dagadpara" }, "geometry": { "type": "Point", "coordinates": [ 81.354846, 19.329856, 0.0 ] } },
{ "type": "Feature", "properties": { "Name": "Damanmarka" }, "geometry": { "type": "Point", "coordinates": [ 80.7802727, 19.4870004, 0.0 ] } },
{ "type": "Feature", "properties": { "Name": "Camp Damrancha" }, "geometry": { "type": "Point", "coordinates": [ 80.359532, 19.229091, 0.0 ] } },
{ "type": "Feature", "properties": { "Name": "Dandwan" }, "geometry": { "type": "Point", "coordinates": [ 81.40317, 19.595235, 0.0 ] } },
{ "type": "Feature", "properties": { "Name": "Dangra" }, "geometry": { "type": "Point", "coordinates": [ 81.125984, 19.849399, 0.0 ] } },
{ "type": "Feature", "properties": { "Name": "Dantewara" }, "geometry": { "type": "Point", "coordinates": [ 81.336036, 18.890382, 0.0 ] } },
{ "type": "Feature", "properties": { "Name": "Darriokhalari" }, "geometry": { "type": "Point", "coordinates": [ 81.28836, 19.979128, 0.0 ] } },
{ "type": "Feature", "properties": { "Name": "Dasmand" }, "geometry": { "type": "Point", "coordinates": [ 80.677613, 19.803321, 0.0 ] } },
{ "type": "Feature", "properties": { "Name": "Dek Para" }, "geometry": { "type": "Point", "coordinates": [ 80.995151, 19.846397, 0.0 ] } },
{ "type": "Feature", "properties": { "Name": "Dengalputti" }, "geometry": { "type": "Point", "coordinates": [ 81.0808056, 19.4451333, 0.0 ] } },
{ "type": "Feature", "properties": { "Name": "Devgaon" }, "geometry": { "type": "Point", "coordinates": [ 81.297609, 19.713649, 0.0 ] } },
{ "type": "Feature", "properties": { "Name": "Dharma" }, "geometry": { "type": "Point", "coordinates": [ 81.103046, 19.060766, 0.0 ] } },
{ "type": "Feature", "properties": { "Name": "Dharmabeda" }, "geometry": { "type": "Point", "coordinates": [ 81.527548, 19.221375, 0.0 ] } },
{ "type": "Feature", "properties": { "Name": "Dhaunsa" }, "geometry": { "type": "Point", "coordinates": [ 81.242813, 19.987406, 0.0 ] } },
{ "type": "Feature", "properties": { "Name": "Dhebur" }, "geometry": { "type": "Point", "coordinates": [ 80.885663, 19.586326, 0.0 ] } },
{ "type": "Feature", "properties": { "Name": "Dhobe" }, "geometry": { "type": "Point", "coordinates": [ 80.9301313, 19.3401816, 0.0 ] } },
{ "type": "Feature", "properties": { "Name": "Dhondarbera" }, "geometry": { "type": "Point", "coordinates": [ 81.025889, 19.284983, 0.0 ] } },
{ "type": "Feature", "properties": { "Name": "karenar" }, "geometry": { "type": "Point", "coordinates": [ 81.277009, 19.51362, 0.0 ] } },
{ "type": "Feature", "properties": { "Name": "Dhurbera" }, "geometry": { "type": "Point", "coordinates": [ 80.998587, 19.448591, 0.0 ] } },
{ "type": "Feature", "properties": { "Name": "Dhurwa Para" }, "geometry": { "type": "Point", "coordinates": [ 80.986026, 19.911528, 0.0 ] } },
{ "type": "Feature", "properties": { "Name": "Dhusell" }, "geometry": { "type": "Point", "coordinates": [ 81.228808, 19.313805, 0.0 ] } },
{ "type": "Feature", "properties": { "Name": "DIWALUR" }, "geometry": { "type": "Point", "coordinates": [ 80.9437472, 19.2145889, 0.0 ] } },
{ "type": "Feature", "properties": { "Name": "CAMP DHUTA" }, "geometry": { "type": "Point", "coordinates": [ 80.987222, 19.9175, 0.0 ] } },
{ "type": "Feature", "properties": { "Name": "Camp Chilparash" }, "geometry": { "type": "Point", "coordinates": [ 80.981111, 19.888611, 0.0 ] } },
{ "type": "Feature", "properties": { "Name": "Dhutakhar" }, "geometry": { "type": "Point", "coordinates": [ 81.113018, 19.69043, 0.0 ] } },
{ "type": "Feature", "properties": { "Name": "Dineshpara" }, "geometry": { "type": "Point", "coordinates": [ 81.360319, 19.324281, 0.0 ] } },
{ "type": "Feature", "properties": { "Name": "Dodem" }, "geometry": { "type": "Point", "coordinates": [ 81.458695, 19.335613, 0.0 ] } },
{ "type": "Feature", "properties": { "Name": "Dodga Rasta" }, "geometry": { "type": "Point", "coordinates": [ 81.698288, 20.183668, 0.0 ] } },
{ "type": "Feature", "properties": { "Name": "Dodimarka" }, "geometry": { "type": "Point", "coordinates": [ 80.8841446, 19.3074611, 0.0 ] } },
{ "type": "Feature", "properties": { "Name": "Dudmi" }, "geometry": { "type": "Point", "coordinates": [ 81.402783, 19.501719, 0.0 ] } },
{ "type": "Feature", "properties": { "Name": "Dondribeda" }, "geometry": { "type": "Point", "coordinates": [ 80.974223, 19.708844, 0.0 ] } },
{ "type": "Feature", "properties": { "Name": "dongriguda" }, "geometry": { "type": "Point", "coordinates": [ 81.507065, 19.242854, 0.0 ] } },
{ "type": "Feature", "properties": { "Name": "dongripara" }, "geometry": { "type": "Point", "coordinates": [ 81.452462, 19.328131, 0.0 ] } },
{ "type": "Feature", "properties": { "Name": "dongripara" }, "geometry": { "type": "Point", "coordinates": [ 81.284422, 19.69609, 0.0 ] } },
{ "type": "Feature", "properties": { "Name": "Dorge" }, "geometry": { "type": "Point", "coordinates": [ 80.8195178, 19.9748015, 0.0 ] } },
{ "type": "Feature", "properties": { "Name": "Dubehade" }, "geometry": { "type": "Point", "coordinates": [ 80.905119, 19.8491732, 0.0 ] } },
{ "type": "Feature", "properties": { "Name": "Dulur" }, "geometry": { "type": "Point", "coordinates": [ 81.151286, 19.358091, 0.0 ] } },
{ "type": "Feature", "properties": { "Name": "Dumartari" }, "geometry": { "type": "Point", "coordinates": [ 81.255601, 19.68922, 0.0 ] } },
{ "type": "Feature", "properties": { "Name": "Dumnar" }, "geometry": { "type": "Point", "coordinates": [ 81.107198, 19.498738, 0.0 ] } },
{ "type": "Feature", "properties": { "Name": "Dundabedma" }, "geometry": { "type": "Point", "coordinates": [ 81.341285, 19.993075, 0.0 ] } },
{ "type": "Feature", "properties": { "Name": "DUNGA (schoo para)" }, "geometry": { "type": "Point", "coordinates": [ 81.1218667, 19.1387389, 0.0 ] } },
{ "type": "Feature", "properties": { "Name": "Edangpal" }, "geometry": { "type": "Point", "coordinates": [ 81.388819, 19.628599, 0.0 ] } },
{ "type": "Feature", "properties": { "Name": "Edjoom" }, "geometry": { "type": "Point", "coordinates": [ 81.138024, 19.348535, 0.0 ] } },
{ "type": "Feature", "properties": { "Name": "Ehkoli" }, "geometry": { "type": "Point", "coordinates": [ 81.48105, 19.344694, 0.0 ] } },
{ "type": "Feature", "properties": { "Name": "Ehra" }, "geometry": { "type": "Point", "coordinates": [ 81.474982, 19.412095, 0.0 ] } },
{ "type": "Feature", "properties": { "Name": "Enmetta" }, "geometry": { "type": "Point", "coordinates": [ 81.158602, 19.602905, 0.0 ] } },
{ "type": "Feature", "properties": { "Name": "Epopara" }, "geometry": { "type": "Point", "coordinates": [ 80.997469, 19.3227763, 0.0 ] } },
{ "type": "Feature", "properties": { "Name": "Eranar" }, "geometry": { "type": "Point", "coordinates": [ 81.224372, 19.965719, 0.0 ] } },
{ "type": "Feature", "properties": { "Name": "Erandwal" }, "geometry": { "type": "Point", "coordinates": [ 81.50428, 19.321003, 0.0 ] } },
{ "type": "Feature", "properties": { "Name": "Ettaki" }, "geometry": { "type": "Point", "coordinates": [ 80.8730247, 19.4282466, 0.0 ] } },
{ "type": "Feature", "properties": { "Name": "Kutul\nFarasgaon" }, "geometry": { "type": "Point", "coordinates": [ 81.056569, 19.513523, 0.0 ] } },
{ "type": "Feature", "properties": { "Name": "gadanguda" }, "geometry": { "type": "Point", "coordinates": [ 81.517285, 19.237483, 0.0 ] } },
{ "type": "Feature", "properties": { "Name": "Gadawahi" }, "geometry": { "type": "Point", "coordinates": [ 81.051085, 19.649509, 0.0 ] } },
{ "type": "Feature", "properties": { "Name": "gadbengal" }, "geometry": { "type": "Point", "coordinates": [ 81.284111, 19.704286, 0.0 ] } },
{ "type": "Feature", "properties": { "Name": "Gandabatti" }, "geometry": { "type": "Point", "coordinates": [ 81.192906, 19.410333, 0.0 ] } },
{ "type": "Feature", "properties": { "Name": "Ganjapara" }, "geometry": { "type": "Point", "coordinates": [ 81.479822, 19.324489, 0.0 ] } },
{ "type": "Feature", "properties": { "Name": "Gaurpar" }, "geometry": { "type": "Point", "coordinates": [ 81.296167, 19.899988, 0.0 ] } },
{ "type": "Feature", "properties": { "Name": "Garabeda" }, "geometry": { "type": "Point", "coordinates": [ 81.091891, 19.751219, 0.0 ] } },
{ "type": "Feature", "properties": { "Name": "Garanji" }, "geometry": { "type": "Point", "coordinates": [ 81.273811, 19.71952, 0.0 ] } },
{ "type": "Feature", "properties": { "Name": "Garda" }, "geometry": { "type": "Point", "coordinates": [ 81.312816, 19.865175, 0.0 ] } },
{ "type": "Feature", "properties": { "Name": "Gardabeda" }, "geometry": { "type": "Point", "coordinates": [ 81.172633, 19.632505, 0.0 ] } },
{ "type": "Feature", "properties": { "Name": "Gardapal" }, "geometry": { "type": "Point", "coordinates": [ 81.45256, 19.385732, 0.0 ] } },
{ "type": "Feature", "properties": { "Name": "Gardapal" }, "geometry": { "type": "Point", "coordinates": [ 81.433651, 19.367873, 0.0 ] } },
{ "type": "Feature", "properties": { "Name": "Gardum" }, "geometry": { "type": "Point", "coordinates": [ 81.13401, 19.437759, 0.0 ] } },
{ "type": "Feature", "properties": { "Name": "Garpa" }, "geometry": { "type": "Point", "coordinates": [ 80.868926, 19.763067, 0.0 ] } },
{ "type": "Feature", "properties": { "Name": "Gatawahi" }, "geometry": { "type": "Point", "coordinates": [ 80.508189, 19.994402, 0.0 ] } },
{ "type": "Feature", "properties": { "Name": "PS GATTAJAMBIA" }, "geometry": { "type": "Point", "coordinates": [ 80.533264, 19.629541, 0.0 ] } },
{ "type": "Feature", "properties": { "Name": "Gattakal" }, "geometry": { "type": "Point", "coordinates": [ 81.0960013, 19.5175731, 0.0 ] } },
{ "type": "Feature", "properties": { "Name": "Gattakal" }, "geometry": { "type": "Point", "coordinates": [ 80.919875, 19.926448, 0.0 ] } },
{ "type": "Feature", "properties": { "Name": "Gattakal" }, "geometry": { "type": "Point", "coordinates": [ 80.883769, 19.381983, 0.0 ] } },
{ "type": "Feature", "properties": { "Name": "Gattapalli" }, "geometry": { "type": "Point", "coordinates": [ 80.514317, 19.888374, 0.0 ] } },
{ "type": "Feature", "properties": { "Name": "Gaurdand" }, "geometry": { "type": "Point", "coordinates": [ 81.349445, 19.43749, 0.0 ] } },
{ "type": "Feature", "properties": { "Name": "Gawadi" }, "geometry": { "type": "Point", "coordinates": [ 81.2449446, 19.2707342, 0.0 ] } },
{ "type": "Feature", "properties": { "Name": "Bondos" }, "geometry": { "type": "Point", "coordinates": [ 81.2759456, 19.2533416, 0.0 ] } },
{ "type": "Feature", "properties": { "Name": "Gawari" }, "geometry": { "type": "Point", "coordinates": [ 81.306699, 19.844633, 0.0 ] } },
{ "type": "Feature", "properties": { "Name": "Gayta Para" }, "geometry": { "type": "Point", "coordinates": [ 80.960067, 19.866088, 0.0 ] } },
{ "type": "Feature", "properties": { "Name": "Gaytapara" }, "geometry": { "type": "Point", "coordinates": [ 81.310646, 19.357491, 0.0 ] } },
{ "type": "Feature", "properties": { "Name": "kharkagaon" }, "geometry": { "type": "Point", "coordinates": [ 81.33501, 19.76717, 0.0 ] } },
{ "type": "Feature", "properties": { "Name": "kharkagaon" }, "geometry": { "type": "Point", "coordinates": [ 81.1846, 19.7633, 0.0 ] } },
{ "type": "Feature", "properties": { "Name": "Ghamandi" }, "geometry": { "type": "Point", "coordinates": [ 80.8864622, 19.5729073, 0.0 ] } },
{ "type": "Feature", "properties": { "Name": "Ghasiyapara" }, "geometry": { "type": "Point", "coordinates": [ 81.357018, 19.320107, 0.0 ] } },
{ "type": "Feature", "properties": { "Name": "Ghati" }, "geometry": { "type": "Point", "coordinates": [ 81.120162, 19.314169, 0.0 ] } },
{ "type": "Feature", "properties": { "Name": "Ghodagaon" }, "geometry": { "type": "Point", "coordinates": [ 81.163469, 19.648116, 0.0 ] } },
{ "type": "Feature", "properties": { "Name": "Ghothiya" }, "geometry": { "type": "Point", "coordinates": [ 81.382533, 19.255644, 0.0 ] } },
{ "type": "Feature", "properties": { "Name": "godelmarka" }, "geometry": { "type": "Point", "coordinates": [ 80.8657556, 19.5604142, 0.0 ] } },
{ "type": "Feature", "properties": { "Name": "Godnugur" }, "geometry": { "type": "Point", "coordinates": [ 80.597367, 19.291249, 0.0 ] } },
{ "type": "Feature", "properties": { "Name": "Gomagal" }, "geometry": { "type": "Point", "coordinates": [ 81.0687361, 19.4210325, 0.0 ] } },
{ "type": "Feature", "properties": { "Name": "Gomter" }, "geometry": { "type": "Point", "coordinates": [ 81.348241, 19.318418, 0.0 ] } },
{ "type": "Feature", "properties": { "Name": "Gongla" }, "geometry": { "type": "Point", "coordinates": [ 81.291944, 19.61, 0.0 ] } },
{ "type": "Feature", "properties": { "Name": "Gongla" }, "geometry": { "type": "Point", "coordinates": [ 80.9975, 19.665, 0.0 ] } },
{ "type": "Feature", "properties": { "Name": "Goranur" }, "geometry": { "type": "Point", "coordinates": [ 81.14196, 19.602568, 0.0 ] } },
{ "type": "Feature", "properties": { "Name": "Gorawand" }, "geometry": { "type": "Point", "coordinates": [ 81.297797, 19.677368, 0.0 ] } },
{ "type": "Feature", "properties": { "Name": "Gorga Para" }, "geometry": { "type": "Point", "coordinates": [ 80.981473, 19.815796, 0.0 ] } },
{ "type": "Feature", "properties": { "Name": "Gota Para" }, "geometry": { "type": "Point", "coordinates": [ 80.974611, 19.834703, 0.0 ] } },
{ "type": "Feature", "properties": { "Name": "Gotingpar\nvirangaon" }, "geometry": { "type": "Point", "coordinates": [ 81.069879, 19.399458, 0.0 ] } },
{ "type": "Feature", "properties": { "Name": "Gotiya" }, "geometry": { "type": "Point", "coordinates": [ 81.280278, 19.863889, 0.0 ] } },
{ "type": "Feature", "properties": { "Name": "Gudapara" }, "geometry": { "type": "Point", "coordinates": [ 81.031375, 19.666619, 0.0 ] } },
{ "type": "Feature", "properties": { "Name": "Gudari" }, "geometry": { "type": "Point", "coordinates": [ 81.178232, 19.340254, 0.0 ] } },
{ "type": "Feature", "properties": { "Name": "Gudrabeda" }, "geometry": { "type": "Point", "coordinates": [ 81.538754, 19.477478, 0.0 ] } },
{ "type": "Feature", "properties": { "Name": "Gudrapar" }, "geometry": { "type": "Point", "coordinates": [ 80.925725, 19.728816, 0.0 ] } },
{ "type": "Feature", "properties": { "Name": "Gudrapara" }, "geometry": { "type": "Point", "coordinates": [ 80.956888, 19.910427, 0.0 ] } },
{ "type": "Feature", "properties": { "Name": "gudum" }, "geometry": { "type": "Point", "coordinates": [ 81.067538, 19.923294, 0.0 ] } },
{ "type": "Feature", "properties": { "Name": "Gulumkodo" }, "geometry": { "type": "Point", "coordinates": [ 81.397804, 19.677621, 0.0 ] } },
{ "type": "Feature", "properties": { "Name": "Gumchur" }, "geometry": { "type": "Point", "coordinates": [ 80.923421, 19.822598, 0.0 ] } },
{ "type": "Feature", "properties": { "Name": "Gumiyabeda" }, "geometry": { "type": "Point", "coordinates": [ 81.23535, 19.595187, 0.0 ] } },
{ "type": "Feature", "properties": { "Name": "Gumiyabera" }, "geometry": { "type": "Point", "coordinates": [ 81.216785, 19.328894, 0.0 ] } },
{ "type": "Feature", "properties": { "Name": "gumiyapara" }, "geometry": { "type": "Point", "coordinates": [ 81.53202, 19.231819, 0.0 ] } },
{ "type": "Feature", "properties": { "Name": "Gummarka" }, "geometry": { "type": "Point", "coordinates": [ 81.0140475, 19.4112936, 0.0 ] } },
{ "type": "Feature", "properties": { "Name": "Ps Gundahur" }, "geometry": { "type": "Point", "coordinates": [ 80.582765, 20.142432, 0.0 ] } },
{ "type": "Feature", "properties": { "Name": "Gundanur" }, "geometry": { "type": "Point", "coordinates": [ 80.7608104, 19.4335483, 0.0 ] } },
{ "type": "Feature", "properties": { "Name": "Gundurwahi" }, "geometry": { "type": "Point", "coordinates": [ 80.6391836, 19.5452288, 0.0 ] } },
{ "type": "Feature", "properties": { "Name": "Gupha" }, "geometry": { "type": "Point", "coordinates": [ 81.34928, 19.219784, 0.0 ] } },
{ "type": "Feature", "properties": { "Name": "Gurapara" }, "geometry": { "type": "Point", "coordinates": [ 81.306483, 19.466294, 0.0 ] } },
{ "type": "Feature", "properties": { "Name": "Gurgapadar" }, "geometry": { "type": "Point", "coordinates": [ 80.925072, 19.599088, 0.0 ] } },
{ "type": "Feature", "properties": { "Name": "gurgapal" }, "geometry": { "type": "Point", "coordinates": [ 81.273987, 20.000855, 0.0 ] } },
{ "type": "Feature", "properties": { "Name": "Guriya" }, "geometry": { "type": "Point", "coordinates": [ 81.231479, 19.752013, 0.0 ] } },
{ "type": "Feature", "properties": { "Name": "Guttapal" }, "geometry": { "type": "Point", "coordinates": [ 81.360216, 19.439639, 0.0 ] } },
{ "type": "Feature", "properties": { "Name": "Guttapar" }, "geometry": { "type": "Point", "coordinates": [ 81.179807, 19.65643, 0.0 ] } },
{ "type": "Feature", "properties": { "Name": "Hachekoti" }, "geometry": { "type": "Point", "coordinates": [ 80.7826787, 19.8629584, 0.0 ] } },
{ "type": "Feature", "properties": { "Name": "Halainar" }, "geometry": { "type": "Point", "coordinates": [ 81.319533, 19.916235, 0.0 ] } },
{ "type": "Feature", "properties": { "Name": "Handapal" }, "geometry": { "type": "Point", "coordinates": [ 81.483181, 19.311002, 0.0 ] } },
{ "type": "Feature", "properties": { "Name": "Handawada" }, "geometry": { "type": "Point", "coordinates": [ 81.2347654, 19.1684446, 0.0 ] } },
{ "type": "Feature", "properties": { "Name": "Hetlanar" }, "geometry": { "type": "Point", "coordinates": [ 81.103397, 19.658543, 0.0 ] } },
{ "type": "Feature", "properties": { "Name": "Hazapal\nKilam" }, "geometry": { "type": "Point", "coordinates": [ 81.427031, 19.317438, 0.0 ] } },
{ "type": "Feature", "properties": { "Name": "Hechekoti" }, "geometry": { "type": "Point", "coordinates": [ 80.4624, 19.5047, 0.0 ] } },
{ "type": "Feature", "properties": { "Name": "helipad" }, "geometry": { "type": "Point", "coordinates": [ 81.086389, 19.706389, 0.0 ] } },
{ "type": "Feature", "properties": { "Name": "Hepu" }, "geometry": { "type": "Point", "coordinates": [ 80.759602, 19.353761, 0.0 ] } },
{ "type": "Feature", "properties": { "Name": "Hetar Para" }, "geometry": { "type": "Point", "coordinates": [ 81.002609, 19.853292, 0.0 ] } },
{ "type": "Feature", "properties": { "Name": "Hetarkasha" }, "geometry": { "type": "Point", "coordinates": [ 81.005755, 19.85185, 0.0 ] } },
{ "type": "Feature", "properties": { "Name": "Hiker" }, "geometry": { "type": "Point", "coordinates": [ 80.6668286, 19.6949707, 0.0 ] } },
{ "type": "Feature", "properties": { "Name": "Hikohnar" }, "geometry": { "type": "Point", "coordinates": [ 81.244958, 19.560288, 0.0 ] } },
{ "type": "Feature", "properties": { "Name": "Hikpula" }, "geometry": { "type": "Point", "coordinates": [ 81.228788, 19.431447, 0.0 ] } },
{ "type": "Feature", "properties": { "Name": "Hikuhnar" }, "geometry": { "type": "Point", "coordinates": [ 80.863486, 19.577956, 0.0 ] } },
{ "type": "Feature", "properties": { "Name": "Hindur" }, "geometry": { "type": "Point", "coordinates": [ 80.618885, 19.727163, 0.0 ] } },
{ "type": "Feature", "properties": { "Name": "Hirangai" }, "geometry": { "type": "Point", "coordinates": [ 81.257859, 19.48625, 0.0 ] } },
{ "type": "Feature", "properties": { "Name": "Hitulwar" }, "geometry": { "type": "Point", "coordinates": [ 81.37099, 19.338786, 0.0 ] } },
{ "type": "Feature", "properties": { "Name": "Hognar" }, "geometry": { "type": "Point", "coordinates": [ 81.38826, 19.644028, 0.0 ] } },
{ "type": "Feature", "properties": { "Name": "Hongva" }, "geometry": { "type": "Point", "coordinates": [ 81.558678, 19.493806, 0.0 ] } },
{ "type": "Feature", "properties": { "Name": "Hora adi" }, "geometry": { "type": "Point", "coordinates": [ 80.8941876, 19.7562257, 0.0 ] } },
{ "type": "Feature", "properties": { "Name": "Hornar" }, "geometry": { "type": "Point", "coordinates": [ 81.361474, 19.368528, 0.0 ] } },
{ "type": "Feature", "properties": { "Name": "Huchari" }, "geometry": { "type": "Point", "coordinates": [ 81.307803, 19.810273, 0.0 ] } },
{ "type": "Feature", "properties": { "Name": "Hurtarai" }, "geometry": { "type": "Point", "coordinates": [ 81.077426, 19.937598, 0.0 ] } },
{ "type": "Feature", "properties": { "Name": "Idnar" }, "geometry": { "type": "Point", "coordinates": [ 81.220209, 19.510783, 0.0 ] } },
{ "type": "Feature", "properties": { "Name": "Idwaya" }, "geometry": { "type": "Point", "coordinates": [ 81.117836, 19.298818, 0.0 ] } },
{ "type": "Feature", "properties": { "Name": "Ikmetta" }, "geometry": { "type": "Point", "coordinates": [ 81.013597, 19.646598, 0.0 ] } },
{ "type": "Feature", "properties": { "Name": "Iknar" }, "geometry": { "type": "Point", "coordinates": [ 81.268807, 19.34358, 0.0 ] } },
{ "type": "Feature", "properties": { "Name": "Ikpar" }, "geometry": { "type": "Point", "coordinates": [ 81.134873, 19.579906, 0.0 ] } },
{ "type": "Feature", "properties": { "Name": "Camp Iragaon" }, "geometry": { "type": "Point", "coordinates": [ 81.331613, 20.020321, 0.0 ] } },
{ "type": "Feature", "properties": { "Name": "Irakbhatti" }, "geometry": { "type": "Point", "coordinates": [ 81.038646, 19.609576, 0.0 ] } },
{ "type": "Feature", "properties": { "Name": "Irpanar" }, "geometry": { "type": "Point", "coordinates": [ 81.158088, 19.520738, 0.0 ] } },
{ "type": "Feature", "properties": { "Name": "Vivnar" }, "geometry": { "type": "Point", "coordinates": [ 80.817386, 19.7865147, 0.0 ] } },
{ "type": "Feature", "properties": { "Name": "Irpanar" }, "geometry": { "type": "Point", "coordinates": [ 81.114444, 19.619167, 0.0 ] } },
{ "type": "Feature", "properties": { "Name": "Irpanar" }, "geometry": { "type": "Point", "coordinates": [ 80.975753, 19.674993, 0.0 ] } },
{ "type": "Feature", "properties": { "Name": "Irpanar" }, "geometry": { "type": "Point", "coordinates": [ 81.329891, 19.31747, 0.0 ] } },
{ "type": "Feature", "properties": { "Name": "Irpanar" }, "geometry": { "type": "Point", "coordinates": [ 80.450637, 19.800089, 0.0 ] } },
{ "type": "Feature", "properties": { "Name": "(Camp kurenar)" }, "geometry": { "type": "Point", "coordinates": [ 80.508527, 19.853824, 0.0 ] } },
{ "type": "Feature", "properties": { "Name": "Ittapara" }, "geometry": { "type": "Point", "coordinates": [ 80.934876, 19.707276, 0.0 ] } },
{ "type": "Feature", "properties": { "Name": "Itul" }, "geometry": { "type": "Point", "coordinates": [ 81.0784235, 19.2378901, 0.0 ] } },
{ "type": "Feature", "properties": { "Name": "Dhumma" }, "geometry": { "type": "Point", "coordinates": [ 81.005372, 19.62587, 0.0 ] } },
{ "type": "Feature", "properties": { "Name": "Jagdalpur" }, "geometry": { "type": "Point", "coordinates": [ 82.036058, 19.085603, 0.0 ] } },
{ "type": "Feature", "properties": { "Name": "Jaitpuri" }, "geometry": { "type": "Point", "coordinates": [ 81.182307, 20.048282, 0.0 ] } },
{ "type": "Feature", "properties": { "Name": "Japmarka" }, "geometry": { "type": "Point", "coordinates": [ 81.059301, 19.774285, 0.0 ] } },
{ "type": "Feature", "properties": { "Name": "Jaragudam" }, "geometry": { "type": "Point", "coordinates": [ 80.389781, 19.152648, 0.0 ] } },
{ "type": "Feature", "properties": { "Name": "Singanbahar" }, "geometry": { "type": "Point", "coordinates": [ 81.131142, 19.704165, 0.0 ] } },
{ "type": "Feature", "properties": { "Name": "Jarhanala" }, "geometry": { "type": "Point", "coordinates": [ 81.119115, 19.700668, 0.0 ] } },
{ "type": "Feature", "properties": { "Name": "Gumiyabeda" }, "geometry": { "type": "Point", "coordinates": [ 81.124455, 19.699646, 0.0 ] } },
{ "type": "Feature", "properties": { "Name": "jatapara" }, "geometry": { "type": "Point", "coordinates": [ 81.440262, 19.494519, 0.0 ] } },
{ "type": "Feature", "properties": { "Name": "Jatloor" }, "geometry": { "type": "Point", "coordinates": [ 80.965811, 19.304303, 0.0 ] } },
{ "type": "Feature", "properties": { "Name": "Jatwar" }, "geometry": { "type": "Point", "coordinates": [ 80.90327, 19.608425, 0.0 ] } },
{ "type": "Feature", "properties": { "Name": "Jhakri" }, "geometry": { "type": "Point", "coordinates": [ 81.416733, 19.791816, 0.0 ] } },
{ "type": "Feature", "properties": { "Name": "Jhanda Gudra" }, "geometry": { "type": "Point", "coordinates": [ 81.701226, 20.179727, 0.0 ] } },
{ "type": "Feature", "properties": { "Name": "Jhara" }, "geometry": { "type": "Point", "coordinates": [ 81.242497, 19.479131, 0.0 ] } },
{ "type": "Feature", "properties": { "Name": "Jharapara" }, "geometry": { "type": "Point", "coordinates": [ 80.525232, 20.073026, 0.0 ] } },
{ "type": "Feature", "properties": { "Name": "Jharawahi" }, "geometry": { "type": "Point", "coordinates": [ 81.116546, 19.636614, 0.0 ] } },
{ "type": "Feature", "properties": { "Name": "Jharawahi" }, "geometry": { "type": "Point", "coordinates": [ 80.7531223, 19.8595678, 0.0 ] } },
{ "type": "Feature", "properties": { "Name": "Jhori" }, "geometry": { "type": "Point", "coordinates": [ 81.224938, 19.409763, 0.0 ] } },
{ "type": "Feature", "properties": { "Name": "Jivlapadar" }, "geometry": { "type": "Point", "coordinates": [ 81.122181, 19.687799, 0.0 ] } },
{ "type": "Feature", "properties": { "Name": "Jungra" }, "geometry": { "type": "Point", "coordinates": [ 81.007716, 19.868912, 0.0 ] } },
{ "type": "Feature", "properties": { "Name": "Juwada" }, "geometry": { "type": "Point", "coordinates": [ 81.197771, 19.313409, 0.0 ] } },
{ "type": "Feature", "properties": { "Name": "Juwada1" }, "geometry": { "type": "Point", "coordinates": [ 81.20265, 19.307171, 0.0 ] } },
{ "type": "Feature", "properties": { "Name": "Kachor" }, "geometry": { "type": "Point", "coordinates": [ 80.984116, 19.802547, 0.0 ] } },
{ "type": "Feature", "properties": { "Name": "Kader" }, "geometry": { "type": "Point", "coordinates": [ 80.901418, 19.718388, 0.0 ] } },
{ "type": "Feature", "properties": { "Name": "Kadiyam Para" }, "geometry": { "type": "Point", "coordinates": [ 81.000024, 19.824337, 0.0 ] } },
{ "type": "Feature", "properties": { "Name": "Kagbaras" }, "geometry": { "type": "Point", "coordinates": [ 80.994415, 19.900284, 0.0 ] } },
{ "type": "Feature", "properties": { "Name": "Kagbarsa" }, "geometry": { "type": "Point", "coordinates": [ 80.983424, 19.909882, 0.0 ] } },
{ "type": "Feature", "properties": { "Name": "Kahchenar" }, "geometry": { "type": "Point", "coordinates": [ 81.366025, 19.23829, 0.0 ] } },
{ "type": "Feature", "properties": { "Name": "Kakabar" }, "geometry": { "type": "Point", "coordinates": [ 81.1962, 19.264513, 0.0 ] } },
{ "type": "Feature", "properties": { "Name": "Kaknar" }, "geometry": { "type": "Point", "coordinates": [ 80.881761, 19.858998, 0.0 ] } },
{ "type": "Feature", "properties": { "Name": "kakripadar para" }, "geometry": { "type": "Point", "coordinates": [ 81.46986, 19.271918, 0.0 ] } },
{ "type": "Feature", "properties": { "Name": "KOLOKAL" }, "geometry": { "type": "Point", "coordinates": [ 81.2406751, 19.220594, 0.0 ] } },
{ "type": "Feature", "properties": { "Name": "Kalar Para" }, "geometry": { "type": "Point", "coordinates": [ 80.988586, 19.847282, 0.0 ] } },
{ "type": "Feature", "properties": { "Name": "KalavatiPara" }, "geometry": { "type": "Point", "coordinates": [ 81.408922, 19.340688, 0.0 ] } },
{ "type": "Feature", "properties": { "Name": "Kalepad" }, "geometry": { "type": "Point", "coordinates": [ 81.3269643, 19.3948678, 0.0 ] } },
{ "type": "Feature", "properties": { "Name": "Kalepal" }, "geometry": { "type": "Point", "coordinates": [ 81.34405, 19.950909, 0.0 ] } },
{ "type": "Feature", "properties": { "Name": "Kalepal" }, "geometry": { "type": "Point", "coordinates": [ 81.397097, 19.618865, 0.0 ] } },
{ "type": "Feature", "properties": { "Name": "Kalmanar" }, "geometry": { "type": "Point", "coordinates": [ 81.181167, 19.564788, 0.0 ] } },
{ "type": "Feature", "properties": { "Name": "Kalpar" }, "geometry": { "type": "Point", "coordinates": [ 80.7174756, 19.8685792, 0.0 ] } },
{ "type": "Feature", "properties": { "Name": "Kamkal" }, "geometry": { "type": "Point", "coordinates": [ 81.100491, 19.693127, 0.0 ] } },
{ "type": "Feature", "properties": { "Name": "Kamta" }, "geometry": { "type": "Point", "coordinates": [ 81.209737, 20.06374, 0.0 ] } },
{ "type": "Feature", "properties": { "Name": "Kanagaon" }, "geometry": { "type": "Point", "coordinates": [ 81.035444, 19.625013, 0.0 ] } },
{ "type": "Feature", "properties": { "Name": "Kihkaad" }, "geometry": { "type": "Point", "coordinates": [ 81.065727, 19.678295, 0.0 ] } },
{ "type": "Feature", "properties": { "Name": "Kandari" }, "geometry": { "type": "Point", "coordinates": [ 81.042443, 19.934936, 0.0 ] } },
{ "type": "Feature", "properties": { "Name": "Kandari" }, "geometry": { "type": "Point", "coordinates": [ 81.187884, 19.699712, 0.0 ] } },
{ "type": "Feature", "properties": { "Name": "Kandari" }, "geometry": { "type": "Point", "coordinates": [ 80.674912, 19.84643, 0.0 ] } },
{ "type": "Feature", "properties": { "Name": "kanera" }, "geometry": { "type": "Point", "coordinates": [ 81.23856, 19.754627, 0.0 ] } },
{ "type": "Feature", "properties": { "Name": "Kangali" }, "geometry": { "type": "Point", "coordinates": [ 81.274692, 19.542561, 0.0 ] } },
{ "type": "Feature", "properties": { "Name": "Kandari" }, "geometry": { "type": "Point", "coordinates": [ 81.142466, 19.51255, 0.0 ] } },
{ "type": "Feature", "properties": { "Name": "Kanhargaon" }, "geometry": { "type": "Point", "coordinates": [ 81.386322, 19.416993, 0.0 ] } },
{ "type": "Feature", "properties": { "Name": "kankerbeda" }, "geometry": { "type": "Point", "coordinates": [ 81.351604, 19.455035, 0.0 ] } },
{ "type": "Feature", "properties": { "Name": "Kapatbhata" }, "geometry": { "type": "Point", "coordinates": [ 81.484783, 19.256224, 0.0 ] } },
{ "type": "Feature", "properties": { "Name": "Karangul" }, "geometry": { "type": "Point", "coordinates": [ 80.8502843, 19.2596757, 0.0 ] } },
{ "type": "Feature", "properties": { "Name": "Kohmeta" }, "geometry": { "type": "Point", "coordinates": [ 81.381031, 19.40527, 0.0 ] } },
{ "type": "Feature", "properties": { "Name": "karelghati" }, "geometry": { "type": "Point", "coordinates": [ 81.217459, 19.622539, 0.0 ] } },
{ "type": "Feature", "properties": { "Name": "Karenar" }, "geometry": { "type": "Point", "coordinates": [ 81.459935, 19.35098, 0.0 ] } },
{ "type": "Feature", "properties": { "Name": "Karespara" }, "geometry": { "type": "Point", "coordinates": [ 81.050271, 19.763121, 0.0 ] } },
{ "type": "Feature", "properties": { "Name": "karkabera" }, "geometry": { "type": "Point", "coordinates": [ 80.943292, 19.622935, 0.0 ] } },
{ "type": "Feature", "properties": { "Name": "Karkanar" }, "geometry": { "type": "Point", "coordinates": [ 81.238453, 19.569332, 0.0 ] } },
{ "type": "Feature", "properties": { "Name": "Kodkanar" }, "geometry": { "type": "Point", "coordinates": [ 81.211109, 19.613212, 0.0 ] } },
{ "type": "Feature", "properties": { "Name": "Kakbaharpara" }, "geometry": { "type": "Point", "coordinates": [ 81.321797, 19.359298, 0.0 ] } },
{ "type": "Feature", "properties": { "Name": "Karkapara" }, "geometry": { "type": "Point", "coordinates": [ 80.949519, 19.405017, 0.0 ] } },
{ "type": "Feature", "properties": { "Name": "Karkawada" }, "geometry": { "type": "Point", "coordinates": [ 80.565667, 19.350498, 0.0 ] } },
{ "type": "Feature", "properties": { "Name": "karlakha" }, "geometry": { "type": "Point", "coordinates": [ 81.244732, 19.748944, 0.0 ] } },
{ "type": "Feature", "properties": { "Name": "Karmari" }, "geometry": { "type": "Point", "coordinates": [ 81.327539, 19.873096, 0.0 ] } },
{ "type": "Feature", "properties": { "Name": "Karmari" }, "geometry": { "type": "Point", "coordinates": [ 81.303997, 19.580493, 0.0 ] } },
{ "type": "Feature", "properties": { "Name": "ps Kasansur" }, "geometry": { "type": "Point", "coordinates": [ 80.364979, 19.835151, 0.0 ] } },
{ "type": "Feature", "properties": { "Name": "Ps Jharawandi" }, "geometry": { "type": "Point", "coordinates": [ 80.450004, 19.984712, 0.0 ] } },
{ "type": "Feature", "properties": { "Name": "meenwada" }, "geometry": { "type": "Point", "coordinates": [ 80.443333, 19.837905, 0.0 ] } },
{ "type": "Feature", "properties": { "Name": "Gudram" }, "geometry": { "type": "Point", "coordinates": [ 80.466966, 19.853828, 0.0 ] } },
{ "type": "Feature", "properties": { "Name": "Bhumkan" }, "geometry": { "type": "Point", "coordinates": [ 80.469048, 19.886128, 0.0 ] } },
{ "type": "Feature", "properties": { "Name": "Kasturgunda" }, "geometry": { "type": "Point", "coordinates": [ 81.0119013, 19.7246299, 0.0 ] } },
{ "type": "Feature", "properties": { "Name": "Kasturmeta" }, "geometry": { "type": "Point", "coordinates": [ 80.957545, 19.539215, 0.0 ] } },
{ "type": "Feature", "properties": { "Name": "Kasturmetta" }, "geometry": { "type": "Point", "coordinates": [ 81.148908, 19.567306, 0.0 ] } },
{ "type": "Feature", "properties": { "Name": "Katgaon" }, "geometry": { "type": "Point", "coordinates": [ 80.8480267, 19.9872331, 0.0 ] } },
{ "type": "Feature", "properties": { "Name": "Kattipani" }, "geometry": { "type": "Point", "coordinates": [ 81.724379, 20.138859, 0.0 ] } },
{ "type": "Feature", "properties": { "Name": "Katulnar" }, "geometry": { "type": "Point", "coordinates": [ 81.17187, 19.536643, 0.0 ] } },
{ "type": "Feature", "properties": { "Name": "Kavirwahi" }, "geometry": { "type": "Point", "coordinates": [ 81.124081, 19.683221, 0.0 ] } },
{ "type": "Feature", "properties": { "Name": "Kawanar" }, "geometry": { "type": "Point", "coordinates": [ 81.346742, 19.3249178, 0.0 ] } },
{ "type": "Feature", "properties": { "Name": "Kehlakot" }, "geometry": { "type": "Point", "coordinates": [ 81.425883, 19.725602, 0.0 ] } },
{ "type": "Feature", "properties": { "Name": "Kehnar" }, "geometry": { "type": "Point", "coordinates": [ 80.992875, 19.499291, 0.0 ] } },
{ "type": "Feature", "properties": { "Name": "Kehlabera" }, "geometry": { "type": "Point", "coordinates": [ 81.044999, 19.817845, 0.0 ] } },
{ "type": "Feature", "properties": { "Name": "Kerlapal" }, "geometry": { "type": "Point", "coordinates": [ 81.183252, 19.745375, 0.0 ] } },
{ "type": "Feature", "properties": { "Name": "Kerali" }, "geometry": { "type": "Point", "coordinates": [ 81.107618, 19.412516, 0.0 ] } },
{ "type": "Feature", "properties": { "Name": "Keshkori" }, "geometry": { "type": "Point", "coordinates": [ 80.958238, 19.904031, 0.0 ] } },
{ "type": "Feature", "properties": { "Name": "Kesurbera" }, "geometry": { "type": "Point", "coordinates": [ 81.301583, 20.054659, 0.0 ] } },
{ "type": "Feature", "properties": { "Name": "Khadkagaon" }, "geometry": { "type": "Point", "coordinates": [ 81.290595, 19.657989, 0.0 ] } },
{ "type": "Feature", "properties": { "Name": "Khairabhat" }, "geometry": { "type": "Point", "coordinates": [ 81.199224, 19.755648, 0.0 ] } },
{ "type": "Feature", "properties": { "Name": "Khalepara\nManojpara" }, "geometry": { "type": "Point", "coordinates": [ 81.374029, 19.320511, 0.0 ] } },
{ "type": "Feature", "properties": { "Name": "Khargaon" }, "geometry": { "type": "Point", "coordinates": [ 81.506913, 19.656254, 0.0 ] } },
{ "type": "Feature", "properties": { "Name": "Kheregaon" }, "geometry": { "type": "Point", "coordinates": [ 80.762611, 19.877908, 0.0 ] } },
{ "type": "Feature", "properties": { "Name": "Khorgoon" }, "geometry": { "type": "Point", "coordinates": [ 81.195958, 19.781061, 0.0 ] } },
{ "type": "Feature", "properties": { "Name": "Khorsanar" }, "geometry": { "type": "Point", "coordinates": [ 81.494424, 19.370223, 0.0 ] } },
{ "type": "Feature", "properties": { "Name": "Kibai balenga" }, "geometry": { "type": "Point", "coordinates": [ 81.540957, 19.64979, 0.0 ] } },
{ "type": "Feature", "properties": { "Name": "Kilam" }, "geometry": { "type": "Point", "coordinates": [ 81.426459, 19.31107, 0.0 ] } },
{ "type": "Feature", "properties": { "Name": "Kilenar" }, "geometry": { "type": "Point", "coordinates": [ 81.2679172, 19.9260685, 0.0 ] } },
{ "type": "Feature", "properties": { "Name": "Kiskaal" }, "geometry": { "type": "Point", "coordinates": [ 81.120395, 19.515217, 0.0 ] } },
{ "type": "Feature", "properties": { "Name": "Kiskaal" }, "geometry": { "type": "Point", "coordinates": [ 81.010294, 19.640214, 0.0 ] } },
{ "type": "Feature", "properties": { "Name": "Kiskodo" }, "geometry": { "type": "Point", "coordinates": [ 81.353971, 19.834538, 0.0 ] } },
{ "type": "Feature", "properties": { "Name": "Kochwahi" }, "geometry": { "type": "Point", "coordinates": [ 81.246859, 19.656294, 0.0 ] } },
{ "type": "Feature", "properties": { "Name": "Kodagaon" }, "geometry": { "type": "Point", "coordinates": [ 81.517723, 19.64907, 0.0 ] } },
{ "type": "Feature", "properties": { "Name": "Kodagaon" }, "geometry": { "type": "Point", "coordinates": [ 81.379818, 19.6018, 0.0 ] } },
{ "type": "Feature", "properties": { "Name": "Kademeta" }, "geometry": { "type": "Point", "coordinates": [ 81.378244, 19.315865, 0.0 ] } },
{ "type": "Feature", "properties": { "Name": "Kodenar" }, "geometry": { "type": "Point", "coordinates": [ 81.555182, 19.459363, 0.0 ] } },
{ "type": "Feature", "properties": { "Name": "Kodenar" }, "geometry": { "type": "Point", "coordinates": [ 81.083096, 19.663263, 0.0 ] } },
{ "type": "Feature", "properties": { "Name": "Kodnar" }, "geometry": { "type": "Point", "coordinates": [ 80.952781, 19.587999, 0.0 ] } },
{ "type": "Feature", "properties": { "Name": "Koder" }, "geometry": { "type": "Point", "coordinates": [ 81.449646, 19.205471, 0.0 ] } },
{ "type": "Feature", "properties": { "Name": "Pichi Koder" }, "geometry": { "type": "Point", "coordinates": [ 81.463458, 19.216729, 0.0 ] } },
{ "type": "Feature", "properties": { "Name": "Kodoli" }, "geometry": { "type": "Point", "coordinates": [ 81.236771, 19.349997, 0.0 ] } },
{ "type": "Feature", "properties": { "Name": "Kodoli" }, "geometry": { "type": "Point", "coordinates": [ 81.271126, 19.570329, 0.0 ] } },
{ "type": "Feature", "properties": { "Name": "Kodoli" }, "geometry": { "type": "Point", "coordinates": [ 81.132116, 19.702685, 0.0 ] } },
{ "type": "Feature", "properties": { "Name": "tadopara" }, "geometry": { "type": "Point", "coordinates": [ 81.0374034, 19.3584997, 0.0 ] } },
{ "type": "Feature", "properties": { "Name": "KODHUR" }, "geometry": { "type": "Point", "coordinates": [ 80.671145, 19.654219, 0.0 ] } },
{ "type": "Feature", "properties": { "Name": "Kodtamarka" }, "geometry": { "type": "Point", "coordinates": [ 80.970535, 19.465691, 0.0 ] } },
{ "type": "Feature", "properties": { "Name": "Kohka" }, "geometry": { "type": "Point", "coordinates": [ 81.264856, 19.878843, 0.0 ] } },
{ "type": "Feature", "properties": { "Name": "Kohkameta" }, "geometry": { "type": "Point", "coordinates": [ 81.070298, 19.651634, 0.0 ] } },
{ "type": "Feature", "properties": { "Name": "kohkapar" }, "geometry": { "type": "Point", "coordinates": [ 81.069922, 19.3547183, 0.0 ] } },
{ "type": "Feature", "properties": { "Name": "Kohkasher" }, "geometry": { "type": "Point", "coordinates": [ 81.185181, 19.631104, 0.0 ] } },
{ "type": "Feature", "properties": { "Name": "kawanar" }, "geometry": { "type": "Point", "coordinates": [ 81.336202, 19.330489, 0.0 ] } },
{ "type": "Feature", "properties": { "Name": "kokodi" }, "geometry": { "type": "Point", "coordinates": [ 81.273611, 19.664657, 0.0 ] } },
{ "type": "Feature", "properties": { "Name": "KOKPAR" }, "geometry": { "type": "Point", "coordinates": [ 81.432695, 19.427769, 0.0 ] } },
{ "type": "Feature", "properties": { "Name": "Kokwar" }, "geometry": { "type": "Point", "coordinates": [ 81.291516, 19.984015, 0.0 ] } },
{ "type": "Feature", "properties": { "Name": "Kolar" }, "geometry": { "type": "Point", "coordinates": [ 81.142983, 19.915186, 0.0 ] } },
{ "type": "Feature", "properties": { "Name": "Koliyari" }, "geometry": { "type": "Point", "coordinates": [ 81.451663, 19.629618, 0.0 ] } },
{ "type": "Feature", "properties": { "Name": "Kondagaon" }, "geometry": { "type": "Point", "coordinates": [ 81.666597, 19.591403, 0.0 ] } },
{ "type": "Feature", "properties": { "Name": "Kondagunda" }, "geometry": { "type": "Point", "coordinates": [ 80.856187, 19.703062, 0.0 ] } },
{ "type": "Feature", "properties": { "Name": "kondahur para" }, "geometry": { "type": "Point", "coordinates": [ 81.380787, 19.578435, 0.0 ] } },
{ "type": "Feature", "properties": { "Name": "Kondakoti" }, "geometry": { "type": "Point", "coordinates": [ 81.0565244, 19.2543799, 0.0 ] } },
{ "type": "Feature", "properties": { "Name": "Mapangal" }, "geometry": { "type": "Point", "coordinates": [ 80.975292, 19.560388, 0.0 ] } },
{ "type": "Feature", "properties": { "Name": "Koneli" }, "geometry": { "type": "Point", "coordinates": [ 80.528934, 20.115182, 0.0 ] } },
{ "type": "Feature", "properties": { "Name": "Konge" }, "geometry": { "type": "Point", "coordinates": [ 80.7345617, 19.7835522, 0.0 ] } },
{ "type": "Feature", "properties": { "Name": "Kongera" }, "geometry": { "type": "Point", "coordinates": [ 81.343423, 19.855196, 0.0 ] } },
{ "type": "Feature", "properties": { "Name": "Kongera" }, "geometry": { "type": "Point", "coordinates": [ 81.399886, 19.54138, 0.0 ] } },
{ "type": "Feature", "properties": { "Name": "Amakal" }, "geometry": { "type": "Point", "coordinates": [ 80.8749961, 19.8742265, 0.0 ] } },
{ "type": "Feature", "properties": { "Name": "Koramkodo" }, "geometry": { "type": "Point", "coordinates": [ 80.9023624, 19.7597713, 0.0 ] } },
{ "type": "Feature", "properties": { "Name": "Koranhur" }, "geometry": { "type": "Point", "coordinates": [ 81.309427, 19.968412, 0.0 ] } },
{ "type": "Feature", "properties": { "Name": "Koraskodo" }, "geometry": { "type": "Point", "coordinates": [ 80.8207156, 19.8299865, 0.0 ] } },
{ "type": "Feature", "properties": { "Name": "Korenda" }, "geometry": { "type": "Point", "coordinates": [ 81.441207, 19.604793, 0.0 ] } },
{ "type": "Feature", "properties": { "Name": "Korobeda" }, "geometry": { "type": "Point", "coordinates": [ 81.322314, 19.324706, 0.0 ] } },
{ "type": "Feature", "properties": { "Name": "Korobedapara" }, "geometry": { "type": "Point", "coordinates": [ 81.422064, 19.342902, 0.0 ] } },
{ "type": "Feature", "properties": { "Name": "Koronar" }, "geometry": { "type": "Point", "coordinates": [ 81.141631, 19.662289, 0.0 ] } },
{ "type": "Feature", "properties": { "Name": "Koronar" }, "geometry": { "type": "Point", "coordinates": [ 80.728138, 19.826991, 0.0 ] } },
{ "type": "Feature", "properties": { "Name": "Korowaya" }, "geometry": { "type": "Point", "coordinates": [ 81.110119, 19.262754, 0.0 ] } },
{ "type": "Feature", "properties": { "Name": "Korparsi" }, "geometry": { "type": "Point", "coordinates": [ 80.6664133, 19.591875, 0.0 ] } },
{ "type": "Feature", "properties": { "Name": "Kosalnar" }, "geometry": { "type": "Point", "coordinates": [ 81.403608, 19.534913, 0.0 ] } },
{ "type": "Feature", "properties": { "Name": "Kosalnar" }, "geometry": { "type": "Point", "coordinates": [ 81.414368, 19.526338, 0.0 ] } },
{ "type": "Feature", "properties": { "Name": "Kospadka" }, "geometry": { "type": "Point", "coordinates": [ 81.017218, 19.679066, 0.0 ] } },
{ "type": "Feature", "properties": { "Name": "Camp Kosronda" }, "geometry": { "type": "Point", "coordinates": [ 81.12421, 19.938085, 0.0 ] } },
{ "type": "Feature", "properties": { "Name": "Kostadi" }, "geometry": { "type": "Point", "coordinates": [ 81.157272, 19.486275, 0.0 ] } },
{ "type": "Feature", "properties": { "Name": "Kotenar" }, "geometry": { "type": "Point", "coordinates": [ 81.237527, 19.579781, 0.0 ] } },
{ "type": "Feature", "properties": { "Name": "Kothi" }, "geometry": { "type": "Point", "coordinates": [ 80.6151939, 19.5448685, 0.0 ] } },
{ "type": "Feature", "properties": { "Name": "Kotkhursai" }, "geometry": { "type": "Point", "coordinates": [ 81.367643, 19.788205, 0.0 ] } },
{ "type": "Feature", "properties": { "Name": "Kotkodo" }, "geometry": { "type": "Point", "coordinates": [ 81.300983, 19.931554, 0.0 ] } },
{ "type": "Feature", "properties": { "Name": "Kotmeta" }, "geometry": { "type": "Point", "coordinates": [ 81.125723, 19.610966, 0.0 ] } },
{ "type": "Feature", "properties": { "Name": "kringal paspi" }, "geometry": { "type": "Point", "coordinates": [ 80.7590749, 19.9346115, 0.0 ] } },
{ "type": "Feature", "properties": { "Name": "Krobera" }, "geometry": { "type": "Point", "coordinates": [ 81.368094, 19.851779, 0.0 ] } },
{ "type": "Feature", "properties": { "Name": "CAMP KUDUR" }, "geometry": { "type": "Point", "coordinates": [ 81.513611, 19.248889, 0.0 ] } },
{ "type": "Feature", "properties": { "Name": "Kudurpal" }, "geometry": { "type": "Point", "coordinates": [ 81.319021, 19.853434, 0.0 ] } },
{ "type": "Feature", "properties": { "Name": "Kuinar" }, "geometry": { "type": "Point", "coordinates": [ 81.294243, 19.556174, 0.0 ] } },
{ "type": "Feature", "properties": { "Name": "Kukal" }, "geometry": { "type": "Point", "coordinates": [ 81.216115, 19.394556, 0.0 ] } },
{ "type": "Feature", "properties": { "Name": "KUKRAJHOR" }, "geometry": { "type": "Point", "coordinates": [ 81.217683, 19.645198, 0.0 ] } },
{ "type": "Feature", "properties": { "Name": "Kakur" }, "geometry": { "type": "Point", "coordinates": [ 80.726129, 19.66581, 0.0 ] } },
{ "type": "Feature", "properties": { "Name": "kulenarpara" }, "geometry": { "type": "Point", "coordinates": [ 81.529744, 19.24491, 0.0 ] } },
{ "type": "Feature", "properties": { "Name": "Kumchalmeta" }, "geometry": { "type": "Point", "coordinates": [ 80.795665, 19.772246, 0.0 ] } },
{ "type": "Feature", "properties": { "Name": "Kumharibeda" }, "geometry": { "type": "Point", "coordinates": [ 81.297581, 19.489532, 0.0 ] } },
{ "type": "Feature", "properties": { "Name": "Kumhli" }, "geometry": { "type": "Point", "coordinates": [ 81.274164, 19.690755, 0.0 ] } },
{ "type": "Feature", "properties": { "Name": "Kumnar" }, "geometry": { "type": "Point", "coordinates": [ 81.139428, 19.648702, 0.0 ] } },
{ "type": "Feature", "properties": { "Name": "Kumnar" }, "geometry": { "type": "Point", "coordinates": [ 81.053671, 19.742505, 0.0 ] } },
{ "type": "Feature", "properties": { "Name": "Kumnar" }, "geometry": { "type": "Point", "coordinates": [ 80.839601, 19.358536, 0.0 ] } },
{ "type": "Feature", "properties": { "Name": "Kumudgunda" }, "geometry": { "type": "Point", "coordinates": [ 80.847484, 19.8937718, 0.0 ] } },
{ "type": "Feature", "properties": { "Name": "Kundla" }, "geometry": { "type": "Point", "coordinates": [ 81.053559, 19.69347, 0.0 ] } },
{ "type": "Feature", "properties": { "Name": "Kundla" }, "geometry": { "type": "Point", "coordinates": [ 81.056601, 19.702516, 0.0 ] } },
{ "type": "Feature", "properties": { "Name": "Kundul" }, "geometry": { "type": "Point", "coordinates": [ 81.2596, 19.395405, 0.0 ] } },
{ "type": "Feature", "properties": { "Name": "Kunjakal" }, "geometry": { "type": "Point", "coordinates": [ 81.007339, 19.337247, 0.0 ] } },
{ "type": "Feature", "properties": { "Name": "kunjipara" }, "geometry": { "type": "Point", "coordinates": [ 81.494778, 19.242873, 0.0 ] } },
{ "type": "Feature", "properties": { "Name": "Kursel" }, "geometry": { "type": "Point", "coordinates": [ 81.127247, 20.021397, 0.0 ] } },
{ "type": "Feature", "properties": { "Name": "Kurusnar" }, "geometry": { "type": "Point", "coordinates": [ 81.048306, 19.380135, 0.0 ] } },
{ "type": "Feature", "properties": { "Name": "kurusnar" }, "geometry": { "type": "Point", "coordinates": [ 81.324216, 19.559512, 0.0 ] } },
{ "type": "Feature", "properties": { "Name": "Kusansul" }, "geometry": { "type": "Point", "coordinates": [ 80.507868, 19.351943, 0.0 ] } },
{ "type": "Feature", "properties": { "Name": "Kuvakaudi" }, "geometry": { "type": "Point", "coordinates": [ 80.8653356, 19.4837396, 0.0 ] } },
{ "type": "Feature", "properties": { "Name": "Kuwaa" }, "geometry": { "type": "Point", "coordinates": [ 81.116641, 19.691362, 0.0 ] } },
{ "type": "Feature", "properties": { "Name": "Kuwanpara" }, "geometry": { "type": "Point", "coordinates": [ 81.130043, 19.558461, 0.0 ] } },
{ "type": "Feature", "properties": { "Name": "Laiman Jungal" }, "geometry": { "type": "Point", "coordinates": [ 81.049267, 19.923773, 0.0 ] } },
{ "type": "Feature", "properties": { "Name": "Lanka" }, "geometry": { "type": "Point", "coordinates": [ 80.760007, 19.23829, 0.0 ] } },
{ "type": "Feature", "properties": { "Name": "Lankalguda" }, "geometry": { "type": "Point", "coordinates": [ 80.421855, 19.27824, 0.0 ] } },
{ "type": "Feature", "properties": { "Name": "Japgunda" }, "geometry": { "type": "Point", "coordinates": [ 81.218279, 19.321265, 0.0 ] } },
{ "type": "Feature", "properties": { "Name": "Lohrapara" }, "geometry": { "type": "Point", "coordinates": [ 81.318159, 19.40284, 0.0 ] } },
{ "type": "Feature", "properties": { "Name": "Mecham" }, "geometry": { "type": "Point", "coordinates": [ 81.229525, 19.328268, 0.0 ] } },
{ "type": "Feature", "properties": { "Name": "Machanar" }, "geometry": { "type": "Point", "coordinates": [ 81.338613, 19.862694, 0.0 ] } },
{ "type": "Feature", "properties": { "Name": "Machhuwancha" }, "geometry": { "type": "Point", "coordinates": [ 80.6378669, 19.7238399, 0.0 ] } },
{ "type": "Feature", "properties": { "Name": "Madamnar" }, "geometry": { "type": "Point", "coordinates": [ 81.264769, 19.557457, 0.0 ] } },
{ "type": "Feature", "properties": { "Name": "Madamnar" }, "geometry": { "type": "Point", "coordinates": [ 81.264598, 19.406693, 0.0 ] } },
{ "type": "Feature", "properties": { "Name": "Madamnar" }, "geometry": { "type": "Point", "coordinates": [ 81.365366, 19.556039, 0.0 ] } },
{ "type": "Feature", "properties": { "Name": "Madanar" }, "geometry": { "type": "Point", "coordinates": [ 81.457938, 19.527653, 0.0 ] } },
{ "type": "Feature", "properties": { "Name": "Madepur" }, "geometry": { "type": "Point", "coordinates": [ 80.661044, 19.300432, 0.0 ] } },
{ "type": "Feature", "properties": { "Name": "Madkon" }, "geometry": { "type": "Point", "coordinates": [ 81.205691, 19.29327, 0.0 ] } },
{ "type": "Feature", "properties": { "Name": "Mahimagawadi" }, "geometry": { "type": "Point", "coordinates": [ 81.36631, 19.539673, 0.0 ] } },
{ "type": "Feature", "properties": { "Name": "Mahka" }, "geometry": { "type": "Point", "coordinates": [ 81.227919, 19.727347, 0.0 ] } },
{ "type": "Feature", "properties": { "Name": "Mahrabeda" }, "geometry": { "type": "Point", "coordinates": [ 81.373204, 19.520711, 0.0 ] } },
{ "type": "Feature", "properties": { "Name": "Mainpur" }, "geometry": { "type": "Point", "coordinates": [ 81.385177, 19.742239, 0.0 ] } },
{ "type": "Feature", "properties": { "Name": "Majhimgarh \nCave + Fall" }, "geometry": { "type": "Point", "coordinates": [ 81.722336, 20.161158, 0.0 ] } },
{ "type": "Feature", "properties": { "Name": "Makanar" }, "geometry": { "type": "Point", "coordinates": [ 81.157717, 19.626248, 0.0 ] } },
{ "type": "Feature", "properties": { "Name": "Maksuli" }, "geometry": { "type": "Point", "coordinates": [ 81.2084441, 19.4461814, 0.0 ] } },
{ "type": "Feature", "properties": { "Name": "Malakot" }, "geometry": { "type": "Point", "coordinates": [ 81.576404, 19.66995, 0.0 ] } },
{ "type": "Feature", "properties": { "Name": "Malanar" }, "geometry": { "type": "Point", "coordinates": [ 81.150356, 19.285181, 0.0 ] } },
{ "type": "Feature", "properties": { "Name": "Malanga" }, "geometry": { "type": "Point", "coordinates": [ 80.742749, 19.31706, 0.0 ] } },
{ "type": "Feature", "properties": { "Name": "Malechor" }, "geometry": { "type": "Point", "coordinates": [ 81.301944, 19.620833, 0.0 ] } },
{ "type": "Feature", "properties": { "Name": "Malkal" }, "geometry": { "type": "Point", "coordinates": [ 81.102012, 19.552823, 0.0 ] } },
{ "type": "Feature", "properties": { "Name": "Malmeta" }, "geometry": { "type": "Point", "coordinates": [ 81.238052, 19.95829, 0.0 ] } },
{ "type": "Feature", "properties": { "Name": "Mandanar" }, "geometry": { "type": "Point", "coordinates": [ 81.248664, 19.933981, 0.0 ] } },
{ "type": "Feature", "properties": { "Name": "Mandir" }, "geometry": { "type": "Point", "coordinates": [ 81.216123, 19.856309, 0.0 ] } },
{ "type": "Feature", "properties": { "Name": "Mangdand Para" }, "geometry": { "type": "Point", "coordinates": [ 80.969015, 19.821687, 0.0 ] } },
{ "type": "Feature", "properties": { "Name": "Junglepar" }, "geometry": { "type": "Point", "coordinates": [ 81.290539, 19.973802, 0.0 ] } },
{ "type": "Feature", "properties": { "Name": "Mandoki" }, "geometry": { "type": "Point", "coordinates": [ 81.378454, 19.620927, 0.0 ] } },
{ "type": "Feature", "properties": { "Name": "Mankot" }, "geometry": { "type": "Point", "coordinates": [ 81.277886, 20.004145, 0.0 ] } },
{ "type": "Feature", "properties": { "Name": "Manvar" }, "geometry": { "type": "Point", "coordinates": [ 80.948433, 19.467985, 0.0 ] } },
{ "type": "Feature", "properties": { "Name": "Maragara" }, "geometry": { "type": "Point", "coordinates": [ 81.388934, 19.450953, 0.0 ] } },
{ "type": "Feature", "properties": { "Name": "Marampalli" }, "geometry": { "type": "Point", "coordinates": [ 80.435725, 19.317204, 0.0 ] } },
{ "type": "Feature", "properties": { "Name": "Maraskodo" }, "geometry": { "type": "Point", "coordinates": [ 81.33075, 19.621221, 0.0 ] } },
{ "type": "Feature", "properties": { "Name": "Maraskodo" }, "geometry": { "type": "Point", "coordinates": [ 80.966629, 19.658963, 0.0 ] } },
{ "type": "Feature", "properties": { "Name": "CAMP-RANAPAL" }, "geometry": { "type": "Point", "coordinates": [ 81.528557, 19.3626095, 0.0 ] } },
{ "type": "Feature", "properties": { "Name": "Ps Mardapal" }, "geometry": { "type": "Point", "coordinates": [ 81.549026, 19.375987, 0.0 ] } },
{ "type": "Feature", "properties": { "Name": "Mardel" }, "geometry": { "type": "Point", "coordinates": [ 81.274331, 19.765122, 0.0 ] } },
{ "type": "Feature", "properties": { "Name": "Markabera" }, "geometry": { "type": "Point", "coordinates": [ 80.8396673, 19.8440687, 0.0 ] } },
{ "type": "Feature", "properties": { "Name": "Markanar" }, "geometry": { "type": "Point", "coordinates": [ 80.447252, 19.937379, 0.0 ] } },
{ "type": "Feature", "properties": { "Name": "Marskoro" }, "geometry": { "type": "Point", "coordinates": [ 81.412388, 19.469331, 0.0 ] } },
{ "type": "Feature", "properties": { "Name": "Markur" }, "geometry": { "type": "Point", "coordinates": [ 80.961408, 19.622954, 0.0 ] } },
{ "type": "Feature", "properties": { "Name": "Maroda" }, "geometry": { "type": "Point", "coordinates": [ 80.925135, 19.395251, 0.0 ] } },
{ "type": "Feature", "properties": { "Name": "Marohnar" }, "geometry": { "type": "Point", "coordinates": [ 81.363889, 19.387222, 0.0 ] } },
{ "type": "Feature", "properties": { "Name": "botoh aer" }, "geometry": { "type": "Point", "coordinates": [ 80.9332277, 19.3766486, 0.0 ] } },
{ "type": "Feature", "properties": { "Name": "Maspur" }, "geometry": { "type": "Point", "coordinates": [ 81.347837, 19.596161, 0.0 ] } },
{ "type": "Feature", "properties": { "Name": "Maspur" }, "geometry": { "type": "Point", "coordinates": [ 80.938592, 19.747483, 0.0 ] } },
{ "type": "Feature", "properties": { "Name": "Matabera" }, "geometry": { "type": "Point", "coordinates": [ 80.864342, 19.426621, 0.0 ] } },
{ "type": "Feature", "properties": { "Name": "Metanar" }, "geometry": { "type": "Point", "coordinates": [ 80.965677, 19.739242, 0.0 ] } },
{ "type": "Feature", "properties": { "Name": "Matasi" }, "geometry": { "type": "Point", "coordinates": [ 81.35829, 19.255414, 0.0 ] } },
{ "type": "Feature", "properties": { "Name": "Markabera" }, "geometry": { "type": "Point", "coordinates": [ 81.169722, 19.288611, 0.0 ] } },
{ "type": "Feature", "properties": { "Name": "Matla-B" }, "geometry": { "type": "Point", "coordinates": [ 81.311452, 19.90115, 0.0 ] } },
{ "type": "Feature", "properties": { "Name": "Matla" }, "geometry": { "type": "Point", "coordinates": [ 81.410034, 19.626056, 0.0 ] } },
{ "type": "Feature", "properties": { "Name": "Matwal" }, "geometry": { "type": "Point", "coordinates": [ 81.531944, 19.327222, 0.0 ] } },
{ "type": "Feature", "properties": { "Name": "Padnar" }, "geometry": { "type": "Point", "coordinates": [ 81.535, 19.313333, 0.0 ] } },
{ "type": "Feature", "properties": { "Name": "Meenwada" }, "geometry": { "type": "Point", "coordinates": [ 80.670779, 19.616912, 0.0 ] } },
{ "type": "Feature", "properties": { "Name": "Mendhari" }, "geometry": { "type": "Point", "coordinates": [ 80.519474, 19.815393, 0.0 ] } },
{ "type": "Feature", "properties": { "Name": "Metadongari" }, "geometry": { "type": "Point", "coordinates": [ 81.202037, 19.693554, 0.0 ] } },
{ "type": "Feature", "properties": { "Name": "Metanar" }, "geometry": { "type": "Point", "coordinates": [ 81.207975, 19.548726, 0.0 ] } },
{ "type": "Feature", "properties": { "Name": "Matawand" }, "geometry": { "type": "Point", "coordinates": [ 81.367585, 19.648213, 0.0 ] } },
{ "type": "Feature", "properties": { "Name": "Metwara" }, "geometry": { "type": "Point", "coordinates": [ 80.942819, 19.2095211, 0.0 ] } },
{ "type": "Feature", "properties": { "Name": "MH BORDER" }, "geometry": { "type": "Point", "coordinates": [ 80.897168, 19.48603, 0.0 ] } },
{ "type": "Feature", "properties": { "Name": "Michbera" }, "geometry": { "type": "Point", "coordinates": [ 80.8465802, 19.391288, 0.0 ] } },
{ "type": "Feature", "properties": { "Name": "Michebera" }, "geometry": { "type": "Point", "coordinates": [ 81.04135, 19.918314, 0.0 ] } },
{ "type": "Feature", "properties": { "Name": "Michingpara" }, "geometry": { "type": "Point", "coordinates": [ 81.055193, 19.5392, 0.0 ] } },
{ "type": "Feature", "properties": { "Name": "Mirdapalli" }, "geometry": { "type": "Point", "coordinates": [ 80.721031, 19.301973, 0.0 ] } },
{ "type": "Feature", "properties": { "Name": "Misri" }, "geometry": { "type": "Point", "coordinates": [ 81.418642, 19.811528, 0.0 ] } },
{ "type": "Feature", "properties": { "Name": "Modemarka Para" }, "geometry": { "type": "Point", "coordinates": [ 81.001435, 19.881738, 0.0 ] } },
{ "type": "Feature", "properties": { "Name": "Modenga" }, "geometry": { "type": "Point", "coordinates": [ 81.449383, 19.71669, 0.0 ] } },
{ "type": "Feature", "properties": { "Name": "Mohandi" }, "geometry": { "type": "Point", "coordinates": [ 81.077958, 19.561984, 0.0 ] } },
{ "type": "Feature", "properties": { "Name": "Moharpad" }, "geometry": { "type": "Point", "coordinates": [ 81.257076, 19.974181, 0.0 ] } },
{ "type": "Feature", "properties": { "Name": "Camp Mahla" }, "geometry": { "type": "Point", "coordinates": [ 80.783509, 19.971103, 0.0 ] } },
{ "type": "Feature", "properties": { "Name": "Muchnar" }, "geometry": { "type": "Point", "coordinates": [ 81.32116, 19.347281, 0.0 ] } },
{ "type": "Feature", "properties": { "Name": "Mudambera" }, "geometry": { "type": "Point", "coordinates": [ 81.214772, 19.25535, 0.0 ] } },
{ "type": "Feature", "properties": { "Name": "MARKANAR (MH)" }, "geometry": { "type": "Point", "coordinates": [ 80.6427545, 19.5611613, 0.0 ] } },
{ "type": "Feature", "properties": { "Name": "MULLE" }, "geometry": { "type": "Point", "coordinates": [ 81.367964, 19.893779, 0.0 ] } },
{ "type": "Feature", "properties": { "Name": "Mundatikra" }, "geometry": { "type": "Point", "coordinates": [ 81.019732, 19.698422, 0.0 ] } },
{ "type": "Feature", "properties": { "Name": "Mundatikra" }, "geometry": { "type": "Point", "coordinates": [ 81.312049, 19.462394, 0.0 ] } },
{ "type": "Feature", "properties": { "Name": "Mundpal" }, "geometry": { "type": "Point", "coordinates": [ 81.368048, 19.600215, 0.0 ] } },
{ "type": "Feature", "properties": { "Name": "Mungari" }, "geometry": { "type": "Point", "coordinates": [ 81.3005556, 19.2808333, 0.0 ] } },
{ "type": "Feature", "properties": { "Name": "Mungwal" }, "geometry": { "type": "Point", "coordinates": [ 81.475267, 19.538389, 0.0 ] } },
{ "type": "Feature", "properties": { "Name": "Murehnar" }, "geometry": { "type": "Point", "coordinates": [ 81.194161, 19.579863, 0.0 ] } },
{ "type": "Feature", "properties": { "Name": "Murhapadar" }, "geometry": { "type": "Point", "coordinates": [ 81.042989, 19.703572, 0.0 ] } },
{ "type": "Feature", "properties": { "Name": "murjhar" }, "geometry": { "type": "Point", "coordinates": [ 80.563576, 20.086613, 0.0 ] } },
{ "type": "Feature", "properties": { "Name": "Murnar" }, "geometry": { "type": "Point", "coordinates": [ 81.042711, 19.678423, 0.0 ] } },
{ "type": "Feature", "properties": { "Name": "Marram Para" }, "geometry": { "type": "Point", "coordinates": [ 80.995827, 19.822197, 0.0 ] } },
{ "type": "Feature", "properties": { "Name": "Mursulnapa" }, "geometry": { "type": "Point", "coordinates": [ 80.8418417, 19.9219237, 0.0 ] } },
{ "type": "Feature", "properties": { "Name": "Murwada" }, "geometry": { "type": "Point", "coordinates": [ 80.6424528, 19.6743306, 0.0 ] } },
{ "type": "Feature", "properties": { "Name": "Kondahor" }, "geometry": { "type": "Point", "coordinates": [ 80.984568, 19.556463, 0.0 ] } },
{ "type": "Feature", "properties": { "Name": "Muser" }, "geometry": { "type": "Point", "coordinates": [ 81.000348, 19.567116, 0.0 ] } },
{ "type": "Feature", "properties": { "Name": "Muspursai" }, "geometry": { "type": "Point", "coordinates": [ 80.6768382, 19.6949617, 0.0 ] } },
{ "type": "Feature", "properties": { "Name": "Mutentora" }, "geometry": { "type": "Point", "coordinates": [ 80.882252, 19.928574, 0.0 ] } },
{ "type": "Feature", "properties": { "Name": "Muttenadi" }, "geometry": { "type": "Point", "coordinates": [ 81.007002, 19.79313, 0.0 ] } },
{ "type": "Feature", "properties": { "Name": "NAHKANAR" }, "geometry": { "type": "Point", "coordinates": [ 81.489372, 19.432031, 0.0 ] } },
{ "type": "Feature", "properties": { "Name": "naingunda" }, "geometry": { "type": "Point", "coordinates": [ 81.036366, 19.286439, 0.0 ] } },
{ "type": "Feature", "properties": { "Name": "Ghotulpara" }, "geometry": { "type": "Point", "coordinates": [ 81.023611, 19.284722, 0.0 ] } },
{ "type": "Feature", "properties": { "Name": "Schoolpara" }, "geometry": { "type": "Point", "coordinates": [ 81.0275, 19.285556, 0.0 ] } },
{ "type": "Feature", "properties": { "Name": "Nalndur" }, "geometry": { "type": "Point", "coordinates": [ 81.2235862, 19.2866583, 0.0 ] } },
{ "type": "Feature", "properties": { "Name": "Nariya" }, "geometry": { "type": "Point", "coordinates": [ 81.46313, 19.552945, 0.0 ] } },
{ "type": "Feature", "properties": { "Name": "Nariya" }, "geometry": { "type": "Point", "coordinates": [ 81.292424, 19.581508, 0.0 ] } },
{ "type": "Feature", "properties": { "Name": "Naumunjmeta" }, "geometry": { "type": "Point", "coordinates": [ 81.295619, 19.667804, 0.0 ] } },
{ "type": "Feature", "properties": { "Name": "Nawagaon" }, "geometry": { "type": "Point", "coordinates": [ 81.493998, 19.378731, 0.0 ] } },
{ "type": "Feature", "properties": { "Name": "Naya Temrugaon" }, "geometry": { "type": "Point", "coordinates": [ 81.424085, 19.381592, 0.0 ] } },
{ "type": "Feature", "properties": { "Name": "Nechewara" }, "geometry": { "type": "Point", "coordinates": [ 80.964249, 19.282011, 0.0 ] } },
{ "type": "Feature", "properties": { "Name": "Nednar" }, "geometry": { "type": "Point", "coordinates": [ 81.190254, 19.587228, 0.0 ] } },
{ "type": "Feature", "properties": { "Name": "Nelangur" }, "geometry": { "type": "Point", "coordinates": [ 80.906617, 19.483021, 0.0 ] } },
{ "type": "Feature", "properties": { "Name": "Nelgunda" }, "geometry": { "type": "Point", "coordinates": [ 80.705166, 19.328468, 0.0 ] } },
{ "type": "Feature", "properties": { "Name": "Nelnar" }, "geometry": { "type": "Point", "coordinates": [ 81.197886, 19.514108, 0.0 ] } },
{ "type": "Feature", "properties": { "Name": "Nendwal" }, "geometry": { "type": "Point", "coordinates": [ 81.454034, 19.353468, 0.0 ] } },
{ "type": "Feature", "properties": { "Name": "Nernar" }, "geometry": { "type": "Point", "coordinates": [ 80.947404, 19.670697, 0.0 ] } },
{ "type": "Feature", "properties": { "Name": "Netanar" }, "geometry": { "type": "Point", "coordinates": [ 81.449618, 19.621377, 0.0 ] } },
{ "type": "Feature", "properties": { "Name": "Nibra" }, "geometry": { "type": "Point", "coordinates": [ 81.268844, 19.889664, 0.0 ] } },
{ "type": "Feature", "properties": { "Name": "Nirameta" }, "geometry": { "type": "Point", "coordinates": [ 81.157786, 19.593217, 0.0 ] } },
{ "type": "Feature", "properties": { "Name": "Nulbatti" }, "geometry": { "type": "Point", "coordinates": [ 81.19287, 19.422596, 0.0 ] } },
{ "type": "Feature", "properties": { "Name": "Oddakotum" }, "geometry": { "type": "Point", "coordinates": [ 81.440832, 19.348321, 0.0 ] } },
{ "type": "Feature", "properties": { "Name": "Oinger" }, "geometry": { "type": "Point", "coordinates": [ 81.13168, 19.455361, 0.0 ] } },
{ "type": "Feature", "properties": { "Name": "Balebeda" }, "geometry": { "type": "Point", "coordinates": [ 80.850883, 19.676023, 0.0 ] } },
{ "type": "Feature", "properties": { "Name": "Orchhakurai" }, "geometry": { "type": "Point", "coordinates": [ 81.024287, 19.749853, 0.0 ] } },
{ "type": "Feature", "properties": { "Name": "Orchhameta" }, "geometry": { "type": "Point", "coordinates": [ 81.082384, 19.330633, 0.0 ] } },
{ "type": "Feature", "properties": { "Name": "Bade Tondabeda" }, "geometry": { "type": "Point", "coordinates": [ 81.131389, 19.327778, 0.0 ] } },
{ "type": "Feature", "properties": { "Name": "Padamkot" }, "geometry": { "type": "Point", "coordinates": [ 80.9467056, 19.5181528, 0.0 ] } },
{ "type": "Feature", "properties": { "Name": "Padbeda" }, "geometry": { "type": "Point", "coordinates": [ 81.324855, 19.321313, 0.0 ] } },
{ "type": "Feature", "properties": { "Name": "Padeli" }, "geometry": { "type": "Point", "coordinates": [ 81.481141, 19.378545, 0.0 ] } },
{ "type": "Feature", "properties": { "Name": "Padmeta" }, "geometry": { "type": "Point", "coordinates": [ 80.8198681, 19.2805947, 0.0 ] } },
{ "type": "Feature", "properties": { "Name": "Padnar" }, "geometry": { "type": "Point", "coordinates": [ 81.428236, 19.386016, 0.0 ] } },
{ "type": "Feature", "properties": { "Name": "Painori" }, "geometry": { "type": "Point", "coordinates": [ 81.250661, 20.10609, 0.0 ] } },
{ "type": "Feature", "properties": { "Name": "Paiver" }, "geometry": { "type": "Point", "coordinates": [ 81.066506, 19.457444, 0.0 ] } },
{ "type": "Feature", "properties": { "Name": "Pokanar" }, "geometry": { "type": "Point", "coordinates": [ 81.225947, 19.550353, 0.0 ] } },
{ "type": "Feature", "properties": { "Name": "Pala" }, "geometry": { "type": "Point", "coordinates": [ 81.527182, 19.624279, 0.0 ] } },
{ "type": "Feature", "properties": { "Name": "Palanar" }, "geometry": { "type": "Point", "coordinates": [ 81.43036, 19.270107, 0.0 ] } },
{ "type": "Feature", "properties": { "Name": "PALARMETA" }, "geometry": { "type": "Point", "coordinates": [ 81.341244, 19.897108, 0.0 ] } },
{ "type": "Feature", "properties": { "Name": "Palki" }, "geometry": { "type": "Point", "coordinates": [ 81.21885, 19.734289, 0.0 ] } },
{ "type": "Feature", "properties": { "Name": "Pallahur" }, "geometry": { "type": "Point", "coordinates": [ 81.016996, 19.785507, 0.0 ] } },
{ "type": "Feature", "properties": { "Name": "Pallakasa" }, "geometry": { "type": "Point", "coordinates": [ 81.108887, 19.790358, 0.0 ] } },
{ "type": "Feature", "properties": { "Name": "Pallakasa\nJharnapara" }, "geometry": { "type": "Point", "coordinates": [ 81.10639, 19.773, 0.0 ] } },
{ "type": "Feature", "properties": { "Name": "Palli" }, "geometry": { "type": "Point", "coordinates": [ 81.384522, 19.507045, 0.0 ] } },
{ "type": "Feature", "properties": { "Name": "Palli" }, "geometry": { "type": "Point", "coordinates": [ 80.520453, 19.378554, 0.0 ] } },
{ "type": "Feature", "properties": { "Name": "Palna" }, "geometry": { "type": "Point", "coordinates": [ 81.452822, 19.743288, 0.0 ] } },
{ "type": "Feature", "properties": { "Name": "Palnar" }, "geometry": { "type": "Point", "coordinates": [ 81.068575, 19.847146, 0.0 ] } },
{ "type": "Feature", "properties": { "Name": "Pangud" }, "geometry": { "type": "Point", "coordinates": [ 81.135047, 19.763096, 0.0 ] } },
{ "type": "Feature", "properties": { "Name": "Pangur" }, "geometry": { "type": "Point", "coordinates": [ 80.785083, 19.788913, 0.0 ] } },
{ "type": "Feature", "properties": { "Name": "KOdlior" }, "geometry": { "type": "Point", "coordinates": [ 81.0729743, 19.5366322, 0.0 ] } },
{ "type": "Feature", "properties": { "Name": "Pani Kadti" }, "geometry": { "type": "Point", "coordinates": [ 81.704836, 20.186915, 0.0 ] } },
{ "type": "Feature", "properties": { "Name": "panidobri" }, "geometry": { "type": "Point", "coordinates": [ 80.993459, 19.854639, 0.0 ] } },
{ "type": "Feature", "properties": { "Name": "Panigaon" }, "geometry": { "type": "Point", "coordinates": [ 81.403454, 19.640732, 0.0 ] } },
{ "type": "Feature", "properties": { "Name": "Paralbhat" }, "geometry": { "type": "Point", "coordinates": [ 81.193722, 19.803654, 0.0 ] } },
{ "type": "Feature", "properties": { "Name": "Parali" }, "geometry": { "type": "Point", "coordinates": [ 81.335387, 19.937285, 0.0 ] } },
{ "type": "Feature", "properties": { "Name": "Parali" }, "geometry": { "type": "Point", "coordinates": [ 81.247259, 19.581817, 0.0 ] } },
{ "type": "Feature", "properties": { "Name": "Paralkot" }, "geometry": { "type": "Point", "coordinates": [ 80.6933539, 19.7925705, 0.0 ] } },
{ "type": "Feature", "properties": { "Name": "Paraspar" }, "geometry": { "type": "Point", "coordinates": [ 81.063123, 19.729918, 0.0 ] } },
{ "type": "Feature", "properties": { "Name": "Parbera" }, "geometry": { "type": "Point", "coordinates": [ 80.949934, 19.66303, 0.0 ] } },
{ "type": "Feature", "properties": { "Name": "Pareadi" }, "geometry": { "type": "Point", "coordinates": [ 80.8105722, 19.6915833, 0.0 ] } },
{ "type": "Feature", "properties": { "Name": "Parmilpatti" }, "geometry": { "type": "Point", "coordinates": [ 80.8770182, 19.4995732, 0.0 ] } },
{ "type": "Feature", "properties": { "Name": "parpa" }, "geometry": { "type": "Point", "coordinates": [ 81.313199, 19.516907, 0.0 ] } },
{ "type": "Feature", "properties": { "Name": "Camp Partapur" }, "geometry": { "type": "Point", "coordinates": [ 80.731545, 19.991025, 0.0 ] } },
{ "type": "Feature", "properties": { "Name": "patal para" }, "geometry": { "type": "Point", "coordinates": [ 81.501381, 19.25016, 0.0 ] } },
{ "type": "Feature", "properties": { "Name": "Patel Para" }, "geometry": { "type": "Point", "coordinates": [ 80.962251, 19.85943, 0.0 ] } },
{ "type": "Feature", "properties": { "Name": "Paturbeda" }, "geometry": { "type": "Point", "coordinates": [ 81.252934, 19.738379, 0.0 ] } },
{ "type": "Feature", "properties": { "Name": "Pavel" }, "geometry": { "type": "Point", "coordinates": [ 81.423484, 19.261777, 0.0 ] } },
{ "type": "Feature", "properties": { "Name": "Pelipad" }, "geometry": { "type": "Point", "coordinates": [ 81.009979, 19.694716, 0.0 ] } },
{ "type": "Feature", "properties": { "Name": "Pengunda" }, "geometry": { "type": "Point", "coordinates": [ 80.500173, 19.306232, 0.0 ] } },
{ "type": "Feature", "properties": { "Name": "Netiwada" }, "geometry": { "type": "Point", "coordinates": [ 80.479268, 19.279178, 0.0 ] } },
{ "type": "Feature", "properties": { "Name": "Pasewada" }, "geometry": { "type": "Point", "coordinates": [ 80.458681, 19.266565, 0.0 ] } },
{ "type": "Feature", "properties": { "Name": "Cherpalli" }, "geometry": { "type": "Point", "coordinates": [ 80.409462, 19.211704, 0.0 ] } },
{ "type": "Feature", "properties": { "Name": "Gartul" }, "geometry": { "type": "Point", "coordinates": [ 80.425098, 19.186532, 0.0 ] } },
{ "type": "Feature", "properties": { "Name": "Manjhipalli" }, "geometry": { "type": "Point", "coordinates": [ 80.364395, 19.144617, 0.0 ] } },
{ "type": "Feature", "properties": { "Name": "Gundapuri" }, "geometry": { "type": "Point", "coordinates": [ 80.538568, 19.173055, 0.0 ] } },
{ "type": "Feature", "properties": { "Name": "Manji mendri" }, "geometry": { "type": "Point", "coordinates": [ 80.657191, 19.279208, 0.0 ] } },
{ "type": "Feature", "properties": { "Name": "Kakler" }, "geometry": { "type": "Point", "coordinates": [ 80.460842, 19.109413, 0.0 ] } },
{ "type": "Feature", "properties": { "Name": "permapal" }, "geometry": { "type": "Point", "coordinates": [ 81.444205, 19.486355, 0.0 ] } },
{ "type": "Feature", "properties": { "Name": "Permapal" }, "geometry": { "type": "Point", "coordinates": [ 81.275014, 19.422787, 0.0 ] } },
{ "type": "Feature", "properties": { "Name": "Phandivaya" }, "geometry": { "type": "Point", "coordinates": [ 80.442723, 19.242703, 0.0 ] } },
{ "type": "Feature", "properties": { "Name": "pharasgaon" }, "geometry": { "type": "Point", "coordinates": [ 81.402129, 19.778562, 0.0 ] } },
{ "type": "Feature", "properties": { "Name": "Pharashbera" }, "geometry": { "type": "Point", "coordinates": [ 80.948336, 19.446962, 0.0 ] } },
{ "type": "Feature", "properties": { "Name": "Pidhdelpar" }, "geometry": { "type": "Point", "coordinates": [ 81.012465, 19.66484, 0.0 ] } },
{ "type": "Feature", "properties": { "Name": "Pindka" }, "geometry": { "type": "Point", "coordinates": [ 81.183921, 19.539937, 0.0 ] } },
{ "type": "Feature", "properties": { "Name": "Pipra" }, "geometry": { "type": "Point", "coordinates": [ 81.37424, 19.8081, 0.0 ] } },
{ "type": "Feature", "properties": { "Name": "Podewada" }, "geometry": { "type": "Point", "coordinates": [ 80.8106904, 19.5292446, 0.0 ] } },
{ "type": "Feature", "properties": { "Name": "Poyerkoti" }, "geometry": { "type": "Point", "coordinates": [ 80.6332383, 19.5277915, 0.0 ] } },
{ "type": "Feature", "properties": { "Name": "Ps Antagar" }, "geometry": { "type": "Point", "coordinates": [ 81.136073, 20.0878, 0.0 ] } },
{ "type": "Feature", "properties": { "Name": "Ps Barsoor" }, "geometry": { "type": "Point", "coordinates": [ 81.375837, 19.136259, 0.0 ] } },
{ "type": "Feature", "properties": { "Name": "Ps Bastar" }, "geometry": { "type": "Point", "coordinates": [ 81.935402, 19.20508, 0.0 ] } },
{ "type": "Feature", "properties": { "Name": "Ps Bhairamgarh" }, "geometry": { "type": "Point", "coordinates": [ 81.0766858, 19.0102986, 0.0 ] } },
{ "type": "Feature", "properties": { "Name": "Ps Bhanpuri" }, "geometry": { "type": "Point", "coordinates": [ 81.834458, 19.329867, 0.0 ] } },
{ "type": "Feature", "properties": { "Name": "Ps Chitrakot" }, "geometry": { "type": "Point", "coordinates": [ 81.714486, 19.194551, 0.0 ] } },
{ "type": "Feature", "properties": { "Name": "Ps Dhanora" }, "geometry": { "type": "Point", "coordinates": [ 81.467047, 19.989724, 0.0 ] } },
{ "type": "Feature", "properties": { "Name": "PS Dondraj" }, "geometry": { "type": "Point", "coordinates": [ 80.636512, 19.409991, 0.0 ] } },
{ "type": "Feature", "properties": { "Name": "PS Koylibera" }, "geometry": { "type": "Point", "coordinates": [ 80.9891917, 19.961025, 0.0 ] } },
{ "type": "Feature", "properties": { "Name": "Ps Kutru" }, "geometry": { "type": "Point", "coordinates": [ 80.7896153, 19.0951331, 0.0 ] } },
{ "type": "Feature", "properties": { "Name": "PS Laheri" }, "geometry": { "type": "Point", "coordinates": [ 80.731503, 19.442075, 0.0 ] } },
{ "type": "Feature", "properties": { "Name": "Ps Nelasnar" }, "geometry": { "type": "Point", "coordinates": [ 81.1832925, 18.9984384, 0.0 ] } },
{ "type": "Feature", "properties": { "Name": "Ps Pharasgaon" }, "geometry": { "type": "Point", "coordinates": [ 81.639623, 19.861392, 0.0 ] } },
{ "type": "Feature", "properties": { "Name": "Ps Rawghat" }, "geometry": { "type": "Point", "coordinates": [ 81.20077, 19.8957, 0.0 ] } },
{ "type": "Feature", "properties": { "Name": "Pulpar" }, "geometry": { "type": "Point", "coordinates": [ 81.149467, 19.864078, 0.0 ] } },
{ "type": "Feature", "properties": { "Name": "Pungarpal" }, "geometry": { "type": "Point", "coordinates": [ 81.332945, 19.347749, 0.0 ] } },
{ "type": "Feature", "properties": { "Name": "Pungarpal" }, "geometry": { "type": "Point", "coordinates": [ 81.512564, 19.290136, 0.0 ] } },
{ "type": "Feature", "properties": { "Name": "Pusagaon" }, "geometry": { "type": "Point", "coordinates": [ 81.201848, 19.729836, 0.0 ] } },
{ "type": "Feature", "properties": { "Name": "Rajatola" }, "geometry": { "type": "Point", "coordinates": [ 80.683654, 19.817203, 0.0 ] } },
{ "type": "Feature", "properties": { "Name": "Rajamunda" }, "geometry": { "type": "Point", "coordinates": [ 80.6862438, 19.8324509, 0.0 ] } },
{ "type": "Feature", "properties": { "Name": "Rajpur" }, "geometry": { "type": "Point", "coordinates": [ 81.262097, 19.469978, 0.0 ] } },
{ "type": "Feature", "properties": { "Name": "Rakas Nala" }, "geometry": { "type": "Point", "coordinates": [ 81.379826, 19.531595, 0.0 ] } },
{ "type": "Feature", "properties": { "Name": "Rakasmeta" }, "geometry": { "type": "Point", "coordinates": [ 81.50541, 19.255122, 0.0 ] } },
{ "type": "Feature", "properties": { "Name": "Ramantola" }, "geometry": { "type": "Point", "coordinates": [ 80.514486, 19.780976, 0.0 ] } },
{ "type": "Feature", "properties": { "Name": "Ramji Para" }, "geometry": { "type": "Point", "coordinates": [ 81.450845, 19.482039, 0.0 ] } },
{ "type": "Feature", "properties": { "Name": "Ranibeda" }, "geometry": { "type": "Point", "coordinates": [ 81.102689, 19.702687, 0.0 ] } },
{ "type": "Feature", "properties": { "Name": "Ranimarka" }, "geometry": { "type": "Point", "coordinates": [ 80.853466, 19.815273, 0.0 ] } },
{ "type": "Feature", "properties": { "Name": "bade varkor" }, "geometry": { "type": "Point", "coordinates": [ 80.853287, 19.912795, 0.0 ] } },
{ "type": "Feature", "properties": { "Name": "ravandi" }, "geometry": { "type": "Point", "coordinates": [ 80.8542337, 19.9005723, 0.0 ] } },
{ "type": "Feature", "properties": { "Name": "Raye" }, "geometry": { "type": "Point", "coordinates": [ 81.341236, 19.833135, 0.0 ] } },
{ "type": "Feature", "properties": { "Name": "Rekabeda" }, "geometry": { "type": "Point", "coordinates": [ 81.09031, 19.926832, 0.0 ] } },
{ "type": "Feature", "properties": { "Name": "Rekametta" }, "geometry": { "type": "Point", "coordinates": [ 80.575483, 19.717896, 0.0 ] } },
{ "type": "Feature", "properties": { "Name": "Rekapal" }, "geometry": { "type": "Point", "coordinates": [ 80.973946, 19.412378, 0.0 ] } },
{ "type": "Feature", "properties": { "Name": "Remawand" }, "geometry": { "type": "Point", "coordinates": [ 81.388376, 19.703119, 0.0 ] } },
{ "type": "Feature", "properties": { "Name": "Rengabeda" }, "geometry": { "type": "Point", "coordinates": [ 81.281667, 19.589167, 0.0 ] } },
{ "type": "Feature", "properties": { "Name": "Rengabeda" }, "geometry": { "type": "Point", "coordinates": [ 81.219496, 19.373918, 0.0 ] } },
{ "type": "Feature", "properties": { "Name": "Rengagondi" }, "geometry": { "type": "Point", "coordinates": [ 81.487437, 19.486249, 0.0 ] } },
{ "type": "Feature", "properties": { "Name": "Rengatola" }, "geometry": { "type": "Point", "coordinates": [ 81.010911, 19.914408, 0.0 ] } },
{ "type": "Feature", "properties": { "Name": "Reping" }, "geometry": { "type": "Point", "coordinates": [ 80.856326, 19.670489, 0.0 ] } },
{ "type": "Feature", "properties": { "Name": "Rohtad" }, "geometry": { "type": "Point", "coordinates": [ 81.239916, 19.315271, 0.0 ] } },
{ "type": "Feature", "properties": { "Name": "Camp Saatdar Barsur" }, "geometry": { "type": "Point", "coordinates": [ 81.406882, 19.188559, 0.0 ] } },
{ "type": "Feature", "properties": { "Name": "Camp crpf HQ barsoor" }, "geometry": { "type": "Point", "coordinates": [ 81.390915, 19.169423, 0.0 ] } },
{ "type": "Feature", "properties": { "Name": "sahpal" }, "geometry": { "type": "Point", "coordinates": [ 81.489907, 19.253061, 0.0 ] } },
{ "type": "Feature", "properties": { "Name": "Bhatbeda" }, "geometry": { "type": "Point", "coordinates": [ 81.36001, 19.283956, 0.0 ] } },
{ "type": "Feature", "properties": { "Name": "Salhepal" }, "geometry": { "type": "Point", "coordinates": [ 81.368673, 19.296043, 0.0 ] } },
{ "type": "Feature", "properties": { "Name": "Sarandi" }, "geometry": { "type": "Point", "coordinates": [ 81.194794, 19.987554, 0.0 ] } },
{ "type": "Feature", "properties": { "Name": "Sargipal" }, "geometry": { "type": "Point", "coordinates": [ 81.204433, 19.704247, 0.0 ] } },
{ "type": "Feature", "properties": { "Name": "Sarpanch" }, "geometry": { "type": "Point", "coordinates": [ 81.695132, 20.168552, 0.0 ] } },
{ "type": "Feature", "properties": { "Name": "Sawalwahi" }, "geometry": { "type": "Point", "coordinates": [ 81.316785, 19.982311, 0.0 ] } },
{ "type": "Feature", "properties": { "Name": "Seetapur" }, "geometry": { "type": "Point", "coordinates": [ 81.029083, 19.780591, 0.0 ] } },
{ "type": "Feature", "properties": { "Name": "Sendra" }, "geometry": { "type": "Point", "coordinates": [ 80.409254, 19.17605, 0.0 ] } },
{ "type": "Feature", "properties": { "Name": "Sewari" }, "geometry": { "type": "Point", "coordinates": [ 80.384359, 19.803912, 0.0 ] } },
{ "type": "Feature", "properties": { "Name": "Shirboi\nUrewaya" }, "geometry": { "type": "Point", "coordinates": [ 81.394444, 19.331667, 0.0 ] } },
{ "type": "Feature", "properties": { "Name": "Silyari hill" }, "geometry": { "type": "Point", "coordinates": [ 81.726949, 20.160961, 0.0 ] } },
{ "type": "Feature", "properties": { "Name": "Sirpur" }, "geometry": { "type": "Point", "coordinates": [ 81.418647, 19.639931, 0.0 ] } },
{ "type": "Feature", "properties": { "Name": "Sitram" }, "geometry": { "type": "Point", "coordinates": [ 80.680418, 19.787871, 0.0 ] } },
{ "type": "Feature", "properties": { "Name": "Sivni" }, "geometry": { "type": "Point", "coordinates": [ 81.350235, 19.679546, 0.0 ] } },
{ "type": "Feature", "properties": { "Name": "sonapal" }, "geometry": { "type": "Point", "coordinates": [ 81.382282, 19.665086, 0.0 ] } },
{ "type": "Feature", "properties": { "Name": "Sonpur" }, "geometry": { "type": "Point", "coordinates": [ 81.010814, 19.700958, 0.0 ] } },
{ "type": "Feature", "properties": { "Name": "stap dam" }, "geometry": { "type": "Point", "coordinates": [ 81.213889, 19.889722, 0.0 ] } },
{ "type": "Feature", "properties": { "Name": "Sulenga" }, "geometry": { "type": "Point", "coordinates": [ 81.403494, 19.453689, 0.0 ] } },
{ "type": "Feature", "properties": { "Name": "sulenga" }, "geometry": { "type": "Point", "coordinates": [ 81.23122, 19.734355, 0.0 ] } },
{ "type": "Feature", "properties": { "Name": "supgaon" }, "geometry": { "type": "Point", "coordinates": [ 81.198385, 19.772836, 0.0 ] } },
{ "type": "Feature", "properties": { "Name": "Camp Sureli" }, "geometry": { "type": "Point", "coordinates": [ 81.226688, 20.057754, 0.0 ] } },
{ "type": "Feature", "properties": { "Name": "Suresh Para" }, "geometry": { "type": "Point", "coordinates": [ 80.979519, 19.87928, 0.0 ] } },
{ "type": "Feature", "properties": { "Name": "Tadanar Nala" }, "geometry": { "type": "Point", "coordinates": [ 81.171868, 19.643093, 0.0 ] } },
{ "type": "Feature", "properties": { "Name": "Tadanar" }, "geometry": { "type": "Point", "coordinates": [ 81.194368, 19.641274, 0.0 ] } },
{ "type": "Feature", "properties": { "Name": "Tadgatta" }, "geometry": { "type": "Point", "coordinates": [ 80.590756, 19.73575, 0.0 ] } },
{ "type": "Feature", "properties": { "Name": "Tadokur" }, "geometry": { "type": "Point", "coordinates": [ 81.102847, 19.601691, 0.0 ] } },
{ "type": "Feature", "properties": { "Name": "Tadonar" }, "geometry": { "type": "Point", "coordinates": [ 81.308017, 19.54119, 0.0 ] } },
{ "type": "Feature", "properties": { "Name": "idwaya" }, "geometry": { "type": "Point", "coordinates": [ 80.931084, 19.1312582, 0.0 ] } },
{ "type": "Feature", "properties": { "Name": "Tadur" }, "geometry": { "type": "Point", "coordinates": [ 81.173128, 19.327233, 0.0 ] } },
{ "type": "Feature", "properties": { "Name": "Tahkadond" }, "geometry": { "type": "Point", "coordinates": [ 80.920407, 19.698449, 0.0 ] } },
{ "type": "Feature", "properties": { "Name": "Takrel para" }, "geometry": { "type": "Point", "coordinates": [ 81.145556, 19.743889, 0.0 ] } },
{ "type": "Feature", "properties": { "Name": "Takilod" }, "geometry": { "type": "Point", "coordinates": [ 81.1036867, 19.1310964, 0.0 ] } },
{ "type": "Feature", "properties": { "Name": "Tamorra" }, "geometry": { "type": "Point", "coordinates": [ 81.303767, 19.938426, 0.0 ] } },
{ "type": "Feature", "properties": { "Name": "Taragaon" }, "geometry": { "type": "Point", "coordinates": [ 81.344917, 19.490473, 0.0 ] } },
{ "type": "Feature", "properties": { "Name": "taripara" }, "geometry": { "type": "Point", "coordinates": [ 81.533514, 19.240372, 0.0 ] } },
{ "type": "Feature", "properties": { "Name": "Tarobera" }, "geometry": { "type": "Point", "coordinates": [ 80.972934, 19.753764, 0.0 ] } },
{ "type": "Feature", "properties": { "Name": "Tarokur para" }, "geometry": { "type": "Point", "coordinates": [ 81.093056, 19.593056, 0.0 ] } },
{ "type": "Feature", "properties": { "Name": "Taronar" }, "geometry": { "type": "Point", "coordinates": [ 81.193473, 19.608323, 0.0 ] } },
{ "type": "Feature", "properties": { "Name": "Ps Tarroki" }, "geometry": { "type": "Point", "coordinates": [ 81.159429, 19.96622, 0.0 ] } },
{ "type": "Feature", "properties": { "Name": "Tekanar" }, "geometry": { "type": "Point", "coordinates": [ 81.210385, 19.429882, 0.0 ] } },
{ "type": "Feature", "properties": { "Name": "Gafa para" }, "geometry": { "type": "Point", "coordinates": [ 81.207006, 19.438355, 0.0 ] } },
{ "type": "Feature", "properties": { "Name": "Tekmetta" }, "geometry": { "type": "Point", "coordinates": [ 80.68034, 19.68562, 0.0 ] } },
{ "type": "Feature", "properties": { "Name": "Telanga" }, "geometry": { "type": "Point", "coordinates": [ 81.49533, 19.584585, 0.0 ] } },
{ "type": "Feature", "properties": { "Name": "Telsi" }, "geometry": { "type": "Point", "coordinates": [ 81.220347, 19.758488, 0.0 ] } },
{ "type": "Feature", "properties": { "Name": "Temrugaon" }, "geometry": { "type": "Point", "coordinates": [ 81.481944, 19.595148, 0.0 ] } },
{ "type": "Feature", "properties": { "Name": "Temrugaon" }, "geometry": { "type": "Point", "coordinates": [ 81.428804, 19.404057, 0.0 ] } },
{ "type": "Feature", "properties": { "Name": "Terlagarh" }, "geometry": { "type": "Point", "coordinates": [ 80.432671, 19.906646, 0.0 ] } },
{ "type": "Feature", "properties": { "Name": "Padenga" }, "geometry": { "type": "Point", "coordinates": [ 80.477444, 19.90887, 0.0 ] } },
{ "type": "Feature", "properties": { "Name": "Mekawahi" }, "geometry": { "type": "Point", "coordinates": [ 80.47824, 19.924107, 0.0 ] } },
{ "type": "Feature", "properties": { "Name": "TIMENAR" }, "geometry": { "type": "Point", "coordinates": [ 81.490684, 19.459424, 0.0 ] } },
{ "type": "Feature", "properties": { "Name": "Timnar" }, "geometry": { "type": "Point", "coordinates": [ 81.32984, 19.686033, 0.0 ] } },
{ "type": "Feature", "properties": { "Name": "Tirinbera" }, "geometry": { "type": "Point", "coordinates": [ 81.436534, 19.355558, 0.0 ] } },
{ "type": "Feature", "properties": { "Name": "Tirkanar" }, "geometry": { "type": "Point", "coordinates": [ 81.458775, 19.456853, 0.0 ] } },
{ "type": "Feature", "properties": { "Name": "Todma" }, "geometry": { "type": "Point", "coordinates": [ 81.33402, 19.254432, 0.0 ] } },
{ "type": "Feature", "properties": { "Name": "Toinar" }, "geometry": { "type": "Point", "coordinates": [ 81.424607, 19.524765, 0.0 ] } },
{ "type": "Feature", "properties": { "Name": "Toinar" }, "geometry": { "type": "Point", "coordinates": [ 81.112657, 19.432925, 0.0 ] } },
{ "type": "Feature", "properties": { "Name": "Toke" }, "geometry": { "type": "Point", "coordinates": [ 80.968522, 19.575177, 0.0 ] } },
{ "type": "Feature", "properties": { "Name": "Totar" }, "geometry": { "type": "Point", "coordinates": [ 81.535515, 19.491213, 0.0 ] } },
{ "type": "Feature", "properties": { "Name": "Toyameta" }, "geometry": { "type": "Point", "coordinates": [ 80.9338084, 19.4182265, 0.0 ] } },
{ "type": "Feature", "properties": { "Name": "Toyemeta" }, "geometry": { "type": "Point", "coordinates": [ 81.330795, 19.331397, 0.0 ] } },
{ "type": "Feature", "properties": { "Name": "Toyemetta" }, "geometry": { "type": "Point", "coordinates": [ 81.1576102, 19.5728785, 0.0 ] } },
{ "type": "Feature", "properties": { "Name": "Tulanjipara" }, "geometry": { "type": "Point", "coordinates": [ 81.383122, 19.728289, 0.0 ] } },
{ "type": "Feature", "properties": { "Name": "Tular" }, "geometry": { "type": "Point", "coordinates": [ 81.31944, 19.276165, 0.0 ] } },
{ "type": "Feature", "properties": { "Name": "Tumeradi" }, "geometry": { "type": "Point", "coordinates": [ 80.949722, 19.803611, 0.0 ] } },
{ "type": "Feature", "properties": { "Name": "Tumriwal" }, "geometry": { "type": "Point", "coordinates": [ 81.47886, 19.264265, 0.0 ] } },
{ "type": "Feature", "properties": { "Name": "Turko" }, "geometry": { "type": "Point", "coordinates": [ 80.968648, 19.771957, 0.0 ] } },
{ "type": "Feature", "properties": { "Name": "Turta" }, "geometry": { "type": "Point", "coordinates": [ 81.405822, 19.613254, 0.0 ] } },
{ "type": "Feature", "properties": { "Name": "Turushmeta" }, "geometry": { "type": "Point", "coordinates": [ 81.342684, 19.379633, 0.0 ] } },
{ "type": "Feature", "properties": { "Name": "Tuskal" }, "geometry": { "type": "Point", "coordinates": [ 81.300278, 19.996773, 0.0 ] } },
{ "type": "Feature", "properties": { "Name": "Tuspal" }, "geometry": { "type": "Point", "coordinates": [ 81.363523, 19.302184, 0.0 ] } },
{ "type": "Feature", "properties": { "Name": "Mohnar" }, "geometry": { "type": "Point", "coordinates": [ 81.197921, 19.467015, 0.0 ] } },
{ "type": "Feature", "properties": { "Name": "Ulispara" }, "geometry": { "type": "Point", "coordinates": [ 81.163573, 19.512827, 0.0 ] } },
{ "type": "Feature", "properties": { "Name": "upar kamta" }, "geometry": { "type": "Point", "coordinates": [ 81.25629, 20.059282, 0.0 ] } },
{ "type": "Feature", "properties": { "Name": "khodpar" }, "geometry": { "type": "Point", "coordinates": [ 81.0025482, 19.3948644, 0.0 ] } },
{ "type": "Feature", "properties": { "Name": "Uparpara" }, "geometry": { "type": "Point", "coordinates": [ 81.364722, 19.327255, 0.0 ] } },
{ "type": "Feature", "properties": { "Name": "Uparpara" }, "geometry": { "type": "Point", "coordinates": [ 80.990648, 19.569827, 0.0 ] } },
{ "type": "Feature", "properties": { "Name": "Ps Urandbera" }, "geometry": { "type": "Point", "coordinates": [ 81.465806, 19.848478, 0.0 ] } },
{ "type": "Feature", "properties": { "Name": "Urebeda" }, "geometry": { "type": "Point", "coordinates": [ 81.010889, 19.598798, 0.0 ] } },
{ "type": "Feature", "properties": { "Name": "Usebeda" }, "geometry": { "type": "Point", "coordinates": [ 80.9103361, 19.512475, 0.0 ] } },
{ "type": "Feature", "properties": { "Name": "Usul" }, "geometry": { "type": "Point", "coordinates": [ 81.104247, 19.439368, 0.0 ] } },
{ "type": "Feature", "properties": { "Name": "Darvekor" }, "geometry": { "type": "Point", "coordinates": [ 80.8410764, 19.8676283, 0.0 ] } },
{ "type": "Feature", "properties": { "Name": "Vedatola Para" }, "geometry": { "type": "Point", "coordinates": [ 80.963319, 19.853553, 0.0 ] } },
{ "type": "Feature", "properties": { "Name": "verkoti" }, "geometry": { "type": "Point", "coordinates": [ 80.943376, 19.263621, 0.0 ] } },
{ "type": "Feature", "properties": { "Name": "Kehlabeda" }, "geometry": { "type": "Point", "coordinates": [ 80.927286, 19.888266, 0.0 ] } },
{ "type": "Feature", "properties": { "Name": "Kotulbeda" }, "geometry": { "type": "Point", "coordinates": [ 80.944419, 19.8819, 0.0 ] } },
{ "type": "Feature", "properties": { "Name": "wadangenar" }, "geometry": { "type": "Point", "coordinates": [ 81.288987, 19.918294, 0.0 ] } },
{ "type": "Feature", "properties": { "Name": "wakeli" }, "geometry": { "type": "Point", "coordinates": [ 81.355369, 19.265541, 0.0 ] } },
{ "type": "Feature", "properties": { "Name": "Walagaon" }, "geometry": { "type": "Point", "coordinates": [ 81.216011, 19.538455, 0.0 ] } },
{ "type": "Feature", "properties": { "Name": "Wangeturi" }, "geometry": { "type": "Point", "coordinates": [ 80.570131, 19.750936, 0.0 ] } },
{ "type": "Feature", "properties": { "Name": "Warpida" }, "geometry": { "type": "Point", "coordinates": [ 80.881176, 19.661215, 0.0 ] } },
{ "type": "Feature", "properties": { "Name": "water" }, "geometry": { "type": "Point", "coordinates": [ 81.539809, 19.532571, 0.0 ] } },
{ "type": "Feature", "properties": { "Name": "water" }, "geometry": { "type": "Point", "coordinates": [ 81.555346, 19.532974, 0.0 ] } },
{ "type": "Feature", "properties": { "Name": "water" }, "geometry": { "type": "Point", "coordinates": [ 81.550602, 19.455038, 0.0 ] } },
{ "type": "Feature", "properties": { "Name": "Wattekal" }, "geometry": { "type": "Point", "coordinates": [ 80.804333, 19.934191, 0.0 ] } },
{ "type": "Feature", "properties": { "Name": "Bagjhar" }, "geometry": { "type": "Point", "coordinates": [ 81.281944, 20.086389, 0.0 ] } },
{ "type": "Feature", "properties": { "Name": "Chhote murnar" }, "geometry": { "type": "Point", "coordinates": [ 81.235663, 20.00363, 0.0 ] } },
{ "type": "Feature", "properties": { "Name": "maspur" }, "geometry": { "type": "Point", "coordinates": [ 81.261367, 19.933012, 0.0 ] } },
{ "type": "Feature", "properties": { "Name": "Maleshkatta" }, "geometry": { "type": "Point", "coordinates": [ 81.199934, 19.484282, 0.0 ] } },
{ "type": "Feature", "properties": { "Name": "Toyapara" }, "geometry": { "type": "Point", "coordinates": [ 81.184848, 19.462017, 0.0 ] } },
{ "type": "Feature", "properties": { "Name": "Gome" }, "geometry": { "type": "Point", "coordinates": [ 80.923638, 19.908847, 0.0 ] } },
{ "type": "Feature", "properties": { "Name": "Imlipadar para" }, "geometry": { "type": "Point", "coordinates": [ 81.291805, 19.417185, 0.0 ] } },
{ "type": "Feature", "properties": { "Name": "Aderbeda" }, "geometry": { "type": "Point", "coordinates": [ 81.318475, 19.3280417, 0.0 ] } },
{ "type": "Feature", "properties": { "Name": "New Polyline ##22552648" }, "geometry": { "type": "LineString", "coordinates": [ [ 81.2912173, 19.4616966, 0.0 ], [ 81.2912913, 19.4615303, 0.0 ], [ 81.291621, 19.4609878, 0.0 ], [ 81.2915382, 19.4601957, 0.0 ], [ 81.2914949, 19.4595582, 0.0 ], [ 81.2917629, 19.4590093, 0.0 ], [ 81.2917861, 19.4585152, 0.0 ], [ 81.2915308, 19.4582842, 0.0 ], [ 81.2908418, 19.4581591, 0.0 ], [ 81.2908126, 19.4580093, 0.0 ], [ 81.2912876, 19.4575825, 0.0 ], [ 81.2913343, 19.4573274, 0.0 ], [ 81.2912067, 19.4571949, 0.0 ], [ 81.2908768, 19.4571819, 0.0 ], [ 81.290605, 19.4570359, 0.0 ], [ 81.29012, 19.4563004, 0.0 ], [ 81.289661, 19.4549734, 0.0 ], [ 81.2897492, 19.4538507, 0.0 ], [ 81.289318, 19.4530617, 0.0 ], [ 81.2892596, 19.4518518, 0.0 ], [ 81.2896109, 19.450513, 0.0 ], [ 81.289555, 19.4502656, 0.0 ], [ 81.2892071, 19.4502265, 0.0 ], [ 81.2888682, 19.4506253, 0.0 ], [ 81.2885719, 19.4512349, 0.0 ], [ 81.2884481, 19.4511796, 0.0 ], [ 81.28893, 19.4494553, 0.0 ], [ 81.289106, 19.4486108, 0.0 ], [ 81.2890196, 19.448317, 0.0 ], [ 81.2888766, 19.4486103, 0.0 ], [ 81.2885724, 19.449074, 0.0 ], [ 81.2884002, 19.4493221, 0.0 ], [ 81.2882357, 19.4495911, 0.0 ], [ 81.2881259, 19.4497219, 0.0 ], [ 81.2878263, 19.4504258, 0.0 ], [ 81.2877816, 19.450542, 0.0 ], [ 81.2877055, 19.4506957, 0.0 ], [ 81.287591, 19.4510093, 0.0 ], [ 81.2873104, 19.4516048, 0.0 ], [ 81.2871434, 19.4519301, 0.0 ], [ 81.2869867, 19.4521738, 0.0 ], [ 81.2868439, 19.4523894, 0.0 ], [ 81.2866582, 19.4525309, 0.0 ], [ 81.2864953, 19.4525126, 0.0 ], [ 81.286403, 19.4524281, 0.0 ], [ 81.2863781, 19.4522745, 0.0 ], [ 81.2864296, 19.4518482, 0.0 ], [ 81.2864289, 19.4518285, 0.0 ], [ 81.286432, 19.4515112, 0.0 ], [ 81.2864269, 19.4514662, 0.0 ], [ 81.2864749, 19.4510548, 0.0 ], [ 81.2866987, 19.4507529, 0.0 ], [ 81.2868361, 19.450143, 0.0 ], [ 81.2869012, 19.4498604, 0.0 ], [ 81.2865193, 19.4498302, 0.0 ], [ 81.2860768, 19.4493845, 0.0 ], [ 81.2858508, 19.4489427, 0.0 ], [ 81.2856864, 19.4482056, 0.0 ], [ 81.285453, 19.4474435, 0.0 ], [ 81.285339, 19.4464945, 0.0 ], [ 81.2854533, 19.4455736, 0.0 ], [ 81.2858409, 19.4450654, 0.0 ], [ 81.2864059, 19.4443457, 0.0 ], [ 81.2868013, 19.4439314, 0.0 ], [ 81.2871659, 19.4435136, 0.0 ], [ 81.2875631, 19.4427845, 0.0 ], [ 81.2879302, 19.4422414, 0.0 ], [ 81.2884337, 19.4415494, 0.0 ] ] } },
{ "type": "Feature", "properties": { "Name": "Camp Sangam" }, "geometry": { "type": "Point", "coordinates": [ 80.707332, 19.963036, 0.0 ] } },
{ "type": "Feature", "properties": { "Name": "Ps Maroda" }, "geometry": { "type": "Point", "coordinates": [ 80.571127, 19.966061, 0.0 ] } },
{ "type": "Feature", "properties": { "Name": "Camp Kamtera" }, "geometry": { "type": "Point", "coordinates": [ 80.8925, 19.972222, 0.0 ] } },
{ "type": "Feature", "properties": { "Name": "Tetam" }, "geometry": { "type": "Point", "coordinates": [ 81.4219, 19.292122, 0.0 ] } },
{ "type": "Feature", "properties": { "Name": "Machhpalli" }, "geometry": { "type": "Point", "coordinates": [ 80.700108, 19.904606, 0.0 ] } },
{ "type": "Feature", "properties": { "Name": "palli" }, "geometry": { "type": "Point", "coordinates": [ 80.679559, 19.921512, 0.0 ] } },
{ "type": "Feature", "properties": { "Name": "Bukra" }, "geometry": { "type": "Point", "coordinates": [ 80.66259, 19.909351, 0.0 ] } },
{ "type": "Feature", "properties": { "Name": "Mehra" }, "geometry": { "type": "Point", "coordinates": [ 80.673497, 19.872786, 0.0 ] } },
{ "type": "Feature", "properties": { "Name": "Kalarkutni" }, "geometry": { "type": "Point", "coordinates": [ 80.653091, 19.870106, 0.0 ] } },
{ "type": "Feature", "properties": { "Name": "Baedbethia" }, "geometry": { "type": "Point", "coordinates": [ 80.619029, 19.855166, 0.0 ] } },
{ "type": "Feature", "properties": { "Name": "Brahebeda" }, "geometry": { "type": "Point", "coordinates": [ 80.6983, 19.87511, 0.0 ] } },
{ "type": "Feature", "properties": { "Name": "Keoti" }, "geometry": { "type": "Point", "coordinates": [ 81.099006, 20.23001, 0.0 ] } },
{ "type": "Feature", "properties": { "Name": "Boranirpi" }, "geometry": { "type": "Point", "coordinates": [ 80.815292, 19.7828367, 0.0 ] } },
{ "type": "Feature", "properties": { "Name": "O-POINT" }, "geometry": { "type": "Point", "coordinates": [ 81.291389, 19.461667, 0.0 ] } },
{ "type": "Feature", "properties": { "Name": "Durugkondal" }, "geometry": { "type": "Point", "coordinates": [ 80.949384, 20.218666, 0.0 ] } },
{ "type": "Feature", "properties": { "Name": "Chindpal" }, "geometry": { "type": "Point", "coordinates": [ 80.790441, 20.148962, 0.0 ] } },
{ "type": "Feature", "properties": { "Name": "HP" }, "geometry": { "type": "Point", "coordinates": [ 81.086334, 19.706322, 0.0 ] } },
{ "type": "Feature", "properties": { "Name": "Borgaon" }, "geometry": { "type": "Point", "coordinates": [ 80.768974, 20.138334, 0.0 ] } },
{ "type": "Feature", "properties": { "Name": "Mandagoan" }, "geometry": { "type": "Point", "coordinates": [ 80.772613, 20.094752, 0.0 ] } },
{ "type": "Feature", "properties": { "Name": "Budhandand" }, "geometry": { "type": "Point", "coordinates": [ 80.756438, 20.020855, 0.0 ] } },
{ "type": "Feature", "properties": { "Name": "Kulhargaon" }, "geometry": { "type": "Point", "coordinates": [ 81.669751, 19.774283, 0.0 ] } },
{ "type": "Feature", "properties": { "Name": "Amgaon" }, "geometry": { "type": "Point", "coordinates": [ 81.351079, 19.646044, 0.0 ] } },
{ "type": "Feature", "properties": { "Name": "kosa sentar" }, "geometry": { "type": "Point", "coordinates": [ 81.176274, 19.703772, 0.0 ] } },
{ "type": "Feature", "properties": { "Name": "Bokrabeda" }, "geometry": { "type": "Point", "coordinates": [ 81.437079, 19.917775, 0.0 ] } },
{ "type": "Feature", "properties": { "Name": "Kondapakhna" }, "geometry": { "type": "Point", "coordinates": [ 81.422766, 19.903602, 0.0 ] } },
{ "type": "Feature", "properties": { "Name": "Kongur" }, "geometry": { "type": "Point", "coordinates": [ 81.452278, 19.878954, 0.0 ] } },
{ "type": "Feature", "properties": { "Name": "Sargipal" }, "geometry": { "type": "Point", "coordinates": [ 81.011438, 19.687959, 0.0 ] } },
{ "type": "Feature", "properties": { "Name": "Gotabenur" }, "geometry": { "type": "Point", "coordinates": [ 81.309243, 19.597014, 0.0 ] } },
{ "type": "Feature", "properties": { "Name": "Shapal" }, "geometry": { "type": "Point", "coordinates": [ 81.337762, 19.440143, 0.0 ] } },
{ "type": "Feature", "properties": { "Name": "Kongera" }, "geometry": { "type": "Point", "coordinates": [ 81.519029, 19.590417, 0.0 ] } },
{ "type": "Feature", "properties": { "Name": "Camp Pungarpal" }, "geometry": { "type": "Point", "coordinates": [ 81.512154, 19.289322, 0.0 ] } },
{ "type": "Feature", "properties": { "Name": "Jamhri" }, "geometry": { "type": "Point", "coordinates": [ 81.246083, 19.414936, 0.0 ] } },
{ "type": "Feature", "properties": { "Name": "Khudpai" }, "geometry": { "type": "Point", "coordinates": [ 81.369054, 19.767573, 0.0 ] } },
{ "type": "Feature", "properties": { "Name": "HQ 16th bn caf" }, "geometry": { "type": "Point", "coordinates": [ 81.285139, 19.717924, 0.0 ] } },
{ "type": "Feature", "properties": { "Name": "kodoli nala" }, "geometry": { "type": "Point", "coordinates": [ 81.128928, 19.701925, 0.0 ] } },
{ "type": "Feature", "properties": { "Name": "Putanchandagaon" }, "geometry": { "type": "Point", "coordinates": [ 81.408082, 19.738966, 0.0 ] } },
{ "type": "Feature", "properties": { "Name": "Amasara" }, "geometry": { "type": "Point", "coordinates": [ 81.377062, 19.759748, 0.0 ] } },
{ "type": "Feature", "properties": { "Name": "kasai pharashgaon" }, "geometry": { "type": "Point", "coordinates": [ 81.38245, 19.779628, 0.0 ] } },
{ "type": "Feature", "properties": { "Name": "Nayanar" }, "geometry": { "type": "Point", "coordinates": [ 81.399951, 19.719603, 0.0 ] } },
{ "type": "Feature", "properties": { "Name": "Kulanar" }, "geometry": { "type": "Point", "coordinates": [ 81.418421, 19.713765, 0.0 ] } },
{ "type": "Feature", "properties": { "Name": "Mahka" }, "geometry": { "type": "Point", "coordinates": [ 81.360002, 19.731512, 0.0 ] } },
{ "type": "Feature", "properties": { "Name": "Randhana" }, "geometry": { "type": "Point", "coordinates": [ 81.437284, 19.757581, 0.0 ] } },
{ "type": "Feature", "properties": { "Name": "Huchakot" }, "geometry": { "type": "Point", "coordinates": [ 81.264066, 19.819635, 0.0 ] } },
{ "type": "Feature", "properties": { "Name": "Kotgaon" }, "geometry": { "type": "Point", "coordinates": [ 81.411737, 19.67453, 0.0 ] } },
{ "type": "Feature", "properties": { "Name": "Gohda" }, "geometry": { "type": "Point", "coordinates": [ 81.371383, 19.688208, 0.0 ] } },
{ "type": "Feature", "properties": { "Name": "Puswalpara" }, "geometry": { "type": "Point", "coordinates": [ 81.440811, 19.669658, 0.0 ] } },
{ "type": "Feature", "properties": { "Name": "Uridgaon" }, "geometry": { "type": "Point", "coordinates": [ 81.424779, 19.702267, 0.0 ] } },
{ "type": "Feature", "properties": { "Name": "Chiprel" }, "geometry": { "type": "Point", "coordinates": [ 81.310649, 19.734732, 0.0 ] } },
{ "type": "Feature", "properties": { "Name": "Terdul" }, "geometry": { "type": "Point", "coordinates": [ 81.326175, 19.725634, 0.0 ] } },
{ "type": "Feature", "properties": { "Name": "Lal Suhnar" }, "geometry": { "type": "Point", "coordinates": [ 81.34266, 19.718207, 0.0 ] } },
{ "type": "Feature", "properties": { "Name": "Tadopal" }, "geometry": { "type": "Point", "coordinates": [ 81.328869, 19.74789, 0.0 ] } },
{ "type": "Feature", "properties": { "Name": "Borpal" }, "geometry": { "type": "Point", "coordinates": [ 81.308016, 19.754358, 0.0 ] } },
{ "type": "Feature", "properties": { "Name": "Pungarpal" }, "geometry": { "type": "Point", "coordinates": [ 81.35077, 19.771007, 0.0 ] } },
{ "type": "Feature", "properties": { "Name": "chor Gohda" }, "geometry": { "type": "Point", "coordinates": [ 81.388103, 19.758098, 0.0 ] } },
{ "type": "Feature", "properties": { "Name": "Gota Jamhri" }, "geometry": { "type": "Point", "coordinates": [ 81.240785, 19.637365, 0.0 ] } },
{ "type": "Feature", "properties": { "Name": "Brehebeda" }, "geometry": { "type": "Point", "coordinates": [ 81.300304, 19.474414, 0.0 ] } },
{ "type": "Feature", "properties": { "Name": "Chandagaon" }, "geometry": { "type": "Point", "coordinates": [ 81.380749, 19.678331, 0.0 ] } },
{ "type": "Feature", "properties": { "Name": "Gobel" }, "geometry": { "type": "Point", "coordinates": [ 81.3006972, 19.296225, 0.0 ] } },
{ "type": "Feature", "properties": { "Name": "Kohkapal" }, "geometry": { "type": "Point", "coordinates": [ 81.528157, 19.750878, 0.0 ] } },
{ "type": "Feature", "properties": { "Name": "Sakribeda" }, "geometry": { "type": "Point", "coordinates": [ 81.232272, 19.695928, 0.0 ] } },
{ "type": "Feature", "properties": { "Name": "Latapara" }, "geometry": { "type": "Point", "coordinates": [ 81.229318, 19.701977, 0.0 ] } },
{ "type": "Feature", "properties": { "Name": "Kore Kurse" }, "geometry": { "type": "Point", "coordinates": [ 80.790054, 20.226107, 0.0 ] } },
{ "type": "Feature", "properties": { "Name": "Bhapda" }, "geometry": { "type": "Point", "coordinates": [ 80.475768, 19.964948, 0.0 ] } },
{ "type": "Feature", "properties": { "Name": "Pakhanjur" }, "geometry": { "type": "Point", "coordinates": [ 80.617943, 20.028721, 0.0 ] } },
{ "type": "Feature", "properties": { "Name": "Kapsi" }, "geometry": { "type": "Point", "coordinates": [ 80.694342, 20.090316, 0.0 ] } },
{ "type": "Feature", "properties": { "Name": "Rohtad" }, "geometry": { "type": "Point", "coordinates": [ 81.335278, 19.400278, 0.0 ] } },
{ "type": "Feature", "properties": { "Name": "Harimarka" }, "geometry": { "type": "Point", "coordinates": [ 81.079727, 19.732003, 0.0 ] } },
{ "type": "Feature", "properties": { "Name": "Mardel" }, "geometry": { "type": "Point", "coordinates": [ 81.199282, 19.337382, 0.0 ] } },
{ "type": "Feature", "properties": { "Name": "Dandakwan\nTHQ" }, "geometry": { "type": "Point", "coordinates": [ 81.19822, 19.869933, 0.0 ] } },
{ "type": "Feature", "properties": { "Name": "Pidiyakot" }, "geometry": { "type": "Point", "coordinates": [ 81.1791667, 19.1213889, 0.0 ] } },
{ "type": "Feature", "properties": { "Name": "Camp Padargaon" }, "geometry": { "type": "Point", "coordinates": [ 81.133331, 19.90966, 0.0 ] } },
{ "type": "Feature", "properties": { "Name": "Tamas Khodra" }, "geometry": { "type": "Point", "coordinates": [ 81.454486, 19.266269, 0.0 ] } },
{ "type": "Feature", "properties": { "Name": "Pindkapad" }, "geometry": { "type": "Point", "coordinates": [ 81.122463, 19.162233, 0.0 ] } },
{ "type": "Feature", "properties": { "Name": "Umargaon" }, "geometry": { "type": "Point", "coordinates": [ 81.358582, 19.447367, 0.0 ] } },
{ "type": "Feature", "properties": { "Name": "HARVEL" }, "geometry": { "type": "Point", "coordinates": [ 80.9604856, 19.3459219, 0.0 ] } },
{ "type": "Feature", "properties": { "Name": "CAMP KANTA BASS" }, "geometry": { "type": "Point", "coordinates": [ 81.546944, 19.224167, 0.0 ] } },
{ "type": "Feature", "properties": { "Name": "kanagaon" }, "geometry": { "type": "Point", "coordinates": [ 81.321303, 19.765055, 0.0 ] } },
{ "type": "Feature", "properties": { "Name": "Andha mod" }, "geometry": { "type": "Point", "coordinates": [ 81.196853, 19.387417, 0.0 ] } },
{ "type": "Feature", "properties": { "Name": "Kachora" }, "geometry": { "type": "Point", "coordinates": [ 81.351944, 19.376667, 0.0 ] } },
{ "type": "Feature", "properties": { "Name": "Gundul" }, "geometry": { "type": "Point", "coordinates": [ 80.9774592, 19.8327779, 0.0 ] } },
{ "type": "Feature", "properties": { "Name": "Jadda" }, "geometry": { "type": "Point", "coordinates": [ 80.988693, 19.623316, 0.0 ] } },
{ "type": "Feature", "properties": { "Name": "kolaRainar" }, "geometry": { "type": "Point", "coordinates": [ 81.170887, 19.422359, 0.0 ] } },
{ "type": "Feature", "properties": { "Name": "Mandali" }, "geometry": { "type": "Point", "coordinates": [ 81.1702968, 19.3955441, 0.0 ] } },
{ "type": "Feature", "properties": { "Name": "Elur" }, "geometry": { "type": "Point", "coordinates": [ 80.857752, 19.866632, 0.0 ] } },
{ "type": "Feature", "properties": { "Name": "pingunda nala" }, "geometry": { "type": "Point", "coordinates": [ 81.22533, 19.422568, 0.0 ] } },
{ "type": "Feature", "properties": { "Name": "Amoradi Pahad" }, "geometry": { "type": "Point", "coordinates": [ 81.16613, 19.395012, 0.0 ] } },
{ "type": "Feature", "properties": { "Name": "kangali" }, "geometry": { "type": "Point", "coordinates": [ 81.181086, 19.388917, 0.0 ] } },
{ "type": "Feature", "properties": { "Name": "Neromkoti" }, "geometry": { "type": "Point", "coordinates": [ 81.248423, 19.54073, 0.0 ] } },
{ "type": "Feature", "properties": { "Name": "Chote kumhari" }, "geometry": { "type": "Point", "coordinates": [ 81.399401, 19.473223, 0.0 ] } },
{ "type": "Feature", "properties": { "Name": "Camp Siksod" }, "geometry": { "type": "Point", "coordinates": [ 81.069533, 20.040003, 0.0 ] } },
{ "type": "Feature", "properties": { "Name": "Camp Udanpur" }, "geometry": { "type": "Point", "coordinates": [ 80.929444, 19.969722, 0.0 ] } },
{ "type": "Feature", "properties": { "Name": "Camp Sulengi" }, "geometry": { "type": "Point", "coordinates": [ 81.059722, 19.978333, 0.0 ] } },
{ "type": "Feature", "properties": { "Name": "THQ BSF \nANTAGARH" }, "geometry": { "type": "Point", "coordinates": [ 81.168333, 20.079722, 0.0 ] } },
{ "type": "Feature", "properties": { "Name": "Camp Semrapara" }, "geometry": { "type": "Point", "coordinates": [ 81.100833, 20.059444, 0.0 ] } },
{ "type": "Feature", "properties": { "Name": "Camp Kadhaikhodra" }, "geometry": { "type": "Point", "coordinates": [ 81.194444, 20.096111, 0.0 ] } },
{ "type": "Feature", "properties": { "Name": "Camp Charremarre" }, "geometry": { "type": "Point", "coordinates": [ 81.245833, 20.111944, 0.0 ] } },
{ "type": "Feature", "properties": { "Name": "Albeda" }, "geometry": { "type": "Point", "coordinates": [ 81.0716691, 19.2325931, 0.0 ] } },
{ "type": "Feature", "properties": { "Name": "GORGABEDA" }, "geometry": { "type": "Point", "coordinates": [ 80.7635, 19.8218833, 0.0 ] } },
{ "type": "Feature", "properties": { "Name": "Camp Bodagaon" }, "geometry": { "type": "Point", "coordinates": [ 81.292778, 20.116667, 0.0 ] } },
{ "type": "Feature", "properties": { "Name": "Camp Arra" }, "geometry": { "type": "Point", "coordinates": [ 81.318611, 19.963889, 0.0 ] } },
{ "type": "Feature", "properties": { "Name": "Camp Pulpar" }, "geometry": { "type": "Point", "coordinates": [ 81.1403137, 19.8582448, 0.0 ] } },
{ "type": "Feature", "properties": { "Name": "Camp Jaaltop" }, "geometry": { "type": "Point", "coordinates": [ 81.195833, 19.861667, 0.0 ] } },
{ "type": "Feature", "properties": { "Name": "Camp Talabeda" }, "geometry": { "type": "Point", "coordinates": [ 81.179722, 19.931111, 0.0 ] } },
{ "type": "Feature", "properties": { "Name": "Camp Block-A" }, "geometry": { "type": "Point", "coordinates": [ 81.1925, 19.858611, 0.0 ] } },
{ "type": "Feature", "properties": { "Name": "Camp Sarangipal" }, "geometry": { "type": "Point", "coordinates": [ 81.199722, 19.887222, 0.0 ] } },
{ "type": "Feature", "properties": { "Name": "Lekwara" }, "geometry": { "type": "Point", "coordinates": [ 81.0058862, 19.2124686, 0.0 ] } },
{ "type": "Feature", "properties": { "Name": "Borga" }, "geometry": { "type": "Point", "coordinates": [ 81.076897, 19.125489, 0.0 ] } },
{ "type": "Feature", "properties": { "Name": "Utla" }, "geometry": { "type": "Point", "coordinates": [ 81.082936, 19.086757, 0.0 ] } },
{ "type": "Feature", "properties": { "Name": "Markagal" }, "geometry": { "type": "Point", "coordinates": [ 81.126375, 19.028522, 0.0 ] } },
{ "type": "Feature", "properties": { "Name": "HP" }, "geometry": { "type": "Point", "coordinates": [ 81.0267917, 19.5824472, 0.0 ] } },
{ "type": "Feature", "properties": { "Name": "Bangoli" }, "geometry": { "type": "Point", "coordinates": [ 81.154665, 19.015602, 0.0 ] } },
{ "type": "Feature", "properties": { "Name": "Kushmail" }, "geometry": { "type": "Point", "coordinates": [ 81.1764167, 19.2192983, 0.0 ] } },
{ "type": "Feature", "properties": { "Name": "Pochawara" }, "geometry": { "type": "Point", "coordinates": [ 81.1811518, 19.2331618, 0.0 ] } },
{ "type": "Feature", "properties": { "Name": "mode marka" }, "geometry": { "type": "Point", "coordinates": [ 80.6554252, 19.7630774, 0.0 ] } },
{ "type": "Feature", "properties": { "Name": "KANCHANGUNDA" }, "geometry": { "type": "Point", "coordinates": [ 80.6739632, 19.7079992, 0.0 ] } },
{ "type": "Feature", "properties": { "Name": "MURMUSI" }, "geometry": { "type": "Point", "coordinates": [ 80.6537353, 19.5957563, 0.0 ] } },
{ "type": "Feature", "properties": { "Name": "DHIRANGI" }, "geometry": { "type": "Point", "coordinates": [ 80.6751673, 19.5646529, 0.0 ] } },
{ "type": "Feature", "properties": { "Name": "FULNAR" }, "geometry": { "type": "Point", "coordinates": [ 80.6546121, 19.5643837, 0.0 ] } },
{ "type": "Feature", "properties": { "Name": "DHOBUR" }, "geometry": { "type": "Point", "coordinates": [ 80.629965, 19.5082696, 0.0 ] } },
{ "type": "Feature", "properties": { "Name": "KURUSHNAR(MH)" }, "geometry": { "type": "Point", "coordinates": [ 80.6134684, 19.4822214, 0.0 ] } },
{ "type": "Feature", "properties": { "Name": "HIDUR (MH)" }, "geometry": { "type": "Point", "coordinates": [ 80.6292071, 19.4646878, 0.0 ] } },
{ "type": "Feature", "properties": { "Name": "AREWADA" }, "geometry": { "type": "Point", "coordinates": [ 80.6130158, 19.4573838, 0.0 ] } },
{ "type": "Feature", "properties": { "Name": "ITTAPADI" }, "geometry": { "type": "Point", "coordinates": [ 80.6356682, 19.452753, 0.0 ] } },
{ "type": "Feature", "properties": { "Name": "AALDAND(MH)" }, "geometry": { "type": "Point", "coordinates": [ 80.6464519, 19.4471651, 0.0 ] } },
{ "type": "Feature", "properties": { "Name": "MORODPAR" }, "geometry": { "type": "Point", "coordinates": [ 80.728719, 19.5088425, 0.0 ] } },
{ "type": "Feature", "properties": { "Name": "PIDMEL(MH)" }, "geometry": { "type": "Point", "coordinates": [ 80.5677654, 19.5252122, 0.0 ] } },
{ "type": "Feature", "properties": { "Name": "BANGDI" }, "geometry": { "type": "Point", "coordinates": [ 80.7776474, 19.4323107, 0.0 ] } },
{ "type": "Feature", "properties": { "Name": "Tedalnar" }, "geometry": { "type": "Point", "coordinates": [ 81.1727798, 19.1868498, 0.0 ] } },
{ "type": "Feature", "properties": { "Name": "Tumirgunda" }, "geometry": { "type": "Point", "coordinates": [ 81.295003, 19.147852, 0.0 ] } },
{ "type": "Feature", "properties": { "Name": "Hitawar" }, "geometry": { "type": "Point", "coordinates": [ 81.2560216, 19.2227767, 0.0 ] } },
{ "type": "Feature", "properties": { "Name": "Kuye" }, "geometry": { "type": "Point", "coordinates": [ 81.3051959, 19.2084795, 0.0 ] } },
{ "type": "Feature", "properties": { "Name": "Gujangwara" }, "geometry": { "type": "Point", "coordinates": [ 81.1554865, 19.2476018, 0.0 ] } },
{ "type": "Feature", "properties": { "Name": "Gudekot" }, "geometry": { "type": "Point", "coordinates": [ 80.9803083, 19.226325, 0.0 ] } },
{ "type": "Feature", "properties": { "Name": "Murumwada" }, "geometry": { "type": "Point", "coordinates": [ 80.8839084, 19.2483479, 0.0 ] } },
{ "type": "Feature", "properties": { "Name": "Jharamarka" }, "geometry": { "type": "Point", "coordinates": [ 80.775227, 19.164589, 0.0 ] } },
{ "type": "Feature", "properties": { "Name": "Pushlanka" }, "geometry": { "type": "Point", "coordinates": [ 80.78787, 19.174452, 0.0 ] } },
{ "type": "Feature", "properties": { "Name": "Buri" }, "geometry": { "type": "Point", "coordinates": [ 80.830583, 19.178034, 0.0 ] } },
{ "type": "Feature", "properties": { "Name": "Telka" }, "geometry": { "type": "Point", "coordinates": [ 80.822359, 19.170932, 0.0 ] } },
{ "type": "Feature", "properties": { "Name": "Kondka" }, "geometry": { "type": "Point", "coordinates": [ 80.822376, 19.164383, 0.0 ] } },
{ "type": "Feature", "properties": { "Name": "pungar\nviran" }, "geometry": { "type": "Point", "coordinates": [ 81.047795, 19.78337, 0.0 ] } },
{ "type": "Feature", "properties": { "Name": "Hurraguwali" }, "geometry": { "type": "Point", "coordinates": [ 80.787355, 19.198485, 0.0 ] } },
{ "type": "Feature", "properties": { "Name": "Engmeta" }, "geometry": { "type": "Point", "coordinates": [ 80.7621, 19.222792, 0.0 ] } },
{ "type": "Feature", "properties": { "Name": "Taddwara" }, "geometry": { "type": "Point", "coordinates": [ 80.777267, 19.2603817, 0.0 ] } },
{ "type": "Feature", "properties": { "Name": "Jatal" }, "geometry": { "type": "Point", "coordinates": [ 80.93044, 19.298673, 0.0 ] } },
{ "type": "Feature", "properties": { "Name": "Pavra" }, "geometry": { "type": "Point", "coordinates": [ 81.456934, 19.779449, 0.0 ] } },
{ "type": "Feature", "properties": { "Name": "Chandabera" }, "geometry": { "type": "Point", "coordinates": [ 81.485712, 19.763301, 0.0 ] } },
{ "type": "Feature", "properties": { "Name": "Gothan" }, "geometry": { "type": "Point", "coordinates": [ 81.190467, 19.362378, 0.0 ] } },
{ "type": "Feature", "properties": { "Name": "Ghot" }, "geometry": { "type": "Point", "coordinates": [ 81.1164418, 19.1743778, 0.0 ] } },
{ "type": "Feature", "properties": { "Name": "Edasmeta" }, "geometry": { "type": "Point", "coordinates": [ 81.0264775, 19.4245973, 0.0 ] } },
{ "type": "Feature", "properties": { "Name": "kandulpar" }, "geometry": { "type": "Point", "coordinates": [ 80.8251641, 19.7488304, 0.0 ] } },
{ "type": "Feature", "properties": { "Name": "MANGWADA" }, "geometry": { "type": "Point", "coordinates": [ 80.6787756, 19.688422, 0.0 ] } },
{ "type": "Feature", "properties": { "Name": "PS AMABEDA" }, "geometry": { "type": "Point", "coordinates": [ 81.32675, 20.069882, 0.0 ] } },
{ "type": "Feature", "properties": { "Name": "Chihra Mod" }, "geometry": { "type": "Point", "coordinates": [ 81.350833, 19.420278, 0.0 ] } },
{ "type": "Feature", "properties": { "Name": "KUMAM" }, "geometry": { "type": "Point", "coordinates": [ 81.0784598, 19.2048245, 0.0 ] } },
{ "type": "Feature", "properties": { "Name": "Platpara" }, "geometry": { "type": "Point", "coordinates": [ 81.311934, 19.452383, 0.0 ] } },
{ "type": "Feature", "properties": { "Name": "Tarabhata" }, "geometry": { "type": "Point", "coordinates": [ 81.318836, 19.457696, 0.0 ] } },
{ "type": "Feature", "properties": { "Name": "Sadadi" }, "geometry": { "type": "Point", "coordinates": [ 81.532001, 19.685513, 0.0 ] } },
{ "type": "Feature", "properties": { "Name": "Katulbeda" }, "geometry": { "type": "Point", "coordinates": [ 81.325976, 19.790949, 0.0 ] } },
{ "type": "Feature", "properties": { "Name": "BanJugani" }, "geometry": { "type": "Point", "coordinates": [ 81.56137, 19.625149, 0.0 ] } },
{ "type": "Feature", "properties": { "Name": "Hitulwad" }, "geometry": { "type": "Point", "coordinates": [ 81.31055, 19.788605, 0.0 ] } },
{ "type": "Feature", "properties": { "Name": "Tower" }, "geometry": { "type": "Point", "coordinates": [ 81.364722, 19.587222, 0.0 ] } },
{ "type": "Feature", "properties": { "Name": "Irko" }, "geometry": { "type": "Point", "coordinates": [ 81.289558, 19.784619, 0.0 ] } },
{ "type": "Feature", "properties": { "Name": "Bakulwahi" }, "geometry": { "type": "Point", "coordinates": [ 81.236068, 19.683742, 0.0 ] } },
{ "type": "Feature", "properties": { "Name": "kumharpara" }, "geometry": { "type": "Point", "coordinates": [ 81.244618, 19.709275, 0.0 ] } },
{ "type": "Feature", "properties": { "Name": "Modokodopara" }, "geometry": { "type": "Point", "coordinates": [ 81.134661, 19.807349, 0.0 ] } },
{ "type": "Feature", "properties": { "Name": "Kapsi" }, "geometry": { "type": "Point", "coordinates": [ 81.319504, 19.643552, 0.0 ] } },
{ "type": "Feature", "properties": { "Name": "Kongera" }, "geometry": { "type": "Point", "coordinates": [ 81.382034, 19.542924, 0.0 ] } },
{ "type": "Feature", "properties": { "Name": "Bharanda" }, "geometry": { "type": "Point", "coordinates": [ 81.235657, 19.808996, 0.0 ] } },
{ "type": "Feature", "properties": { "Name": "Temrugaon" }, "geometry": { "type": "Point", "coordinates": [ 81.237304, 19.827633, 0.0 ] } },
{ "type": "Feature", "properties": { "Name": "paralnar" }, "geometry": { "type": "Point", "coordinates": [ 81.1667163, 19.2357742, 0.0 ] } },
{ "type": "Feature", "properties": { "Name": "Kumhari" }, "geometry": { "type": "Point", "coordinates": [ 81.176138, 19.900539, 0.0 ] } },
{ "type": "Feature", "properties": { "Name": "Kudmel" }, "geometry": { "type": "Point", "coordinates": [ 81.0004918, 19.2934373, 0.0 ] } },
{ "type": "Feature", "properties": { "Name": "Okpad" }, "geometry": { "type": "Point", "coordinates": [ 81.1162204, 19.5476388, 0.0 ] } },
{ "type": "Feature", "properties": { "Name": "Kikaripada" }, "geometry": { "type": "Point", "coordinates": [ 81.152806, 19.821444, 0.0 ] } },
{ "type": "Feature", "properties": { "Name": "Kodenar" }, "geometry": { "type": "Point", "coordinates": [ 81.0222407, 19.4791168, 0.0 ] } },
{ "type": "Feature", "properties": { "Name": "Parpa" }, "geometry": { "type": "Point", "coordinates": [ 81.0088364, 19.5187698, 0.0 ] } },
{ "type": "Feature", "properties": { "Name": "w-fall" }, "geometry": { "type": "Point", "coordinates": [ 81.2164705, 19.1983804, 0.0 ] } },
{ "type": "Feature", "properties": { "Name": "Hidur" }, "geometry": { "type": "Point", "coordinates": [ 80.7303877, 19.8902498, 0.0 ] } },
{ "type": "Feature", "properties": { "Name": "Barkot" }, "geometry": { "type": "Point", "coordinates": [ 80.7221376, 19.9483677, 0.0 ] } },
{ "type": "Feature", "properties": { "Name": "Barkot 1" }, "geometry": { "type": "Point", "coordinates": [ 80.7160479, 19.9424836, 0.0 ] } },
{ "type": "Feature", "properties": { "Name": "Paral Maspi" }, "geometry": { "type": "Point", "coordinates": [ 80.7751551, 19.9419038, 0.0 ] } },
{ "type": "Feature", "properties": { "Name": "Porhur" }, "geometry": { "type": "Point", "coordinates": [ 80.7279364, 19.9228002, 0.0 ] } },
{ "type": "Feature", "properties": { "Name": "kiyar" }, "geometry": { "type": "Point", "coordinates": [ 80.5873799, 19.4712396, 0.0 ] } },
{ "type": "Feature", "properties": { "Name": "karampalli" }, "geometry": { "type": "Point", "coordinates": [ 80.5739462, 19.4585734, 0.0 ] } },
{ "type": "Feature", "properties": { "Name": "Hemalkasa" }, "geometry": { "type": "Point", "coordinates": [ 80.5695734, 19.4521816, 0.0 ] } },
{ "type": "Feature", "properties": { "Name": "waterfall binagunda" }, "geometry": { "type": "Point", "coordinates": [ 80.8192874, 19.4839747, 0.0 ] } },
{ "type": "Feature", "properties": { "Name": "Karsenar" }, "geometry": { "type": "Point", "coordinates": [ 80.8076809, 19.3342803, 0.0 ] } },
{ "type": "Feature", "properties": { "Name": "Kurkunj" }, "geometry": { "type": "Point", "coordinates": [ 80.8953604, 19.8581074, 0.0 ] } },
{ "type": "Feature", "properties": { "Name": "CAMP PHUNDRI" }, "geometry": { "type": "Point", "coordinates": [ 81.1348147, 19.0065817, 0.0 ] } },
{ "type": "Feature", "properties": { "Name": "AADER" }, "geometry": { "type": "Point", "coordinates": [ 81.0891642, 19.2927514, 0.0 ] } },
{ "type": "Feature", "properties": { "Name": "Kalhaja" }, "geometry": { "type": "Point", "coordinates": [ 81.0408379, 19.2331872, 0.0 ] } },
{ "type": "Feature", "properties": { "Name": "nendapara" }, "geometry": { "type": "Point", "coordinates": [ 81.0318414, 19.3754565, 0.0 ] } },
{ "type": "Feature", "properties": { "Name": "TAHKAPAR" }, "geometry": { "type": "Point", "coordinates": [ 81.1705958, 19.2528855, 0.0 ] } },
{ "type": "Feature", "properties": { "Name": "THULTHULI" }, "geometry": { "type": "Point", "coordinates": [ 81.2241006, 19.2334989, 0.0 ] } },
{ "type": "Feature", "properties": { "Name": "BADE PALLI" }, "geometry": { "type": "Point", "coordinates": [ 81.018421, 19.1039503, 0.0 ] } },
{ "type": "Feature", "properties": { "Name": "pungachur" }, "geometry": { "type": "Point", "coordinates": [ 80.8449948, 19.4569878, 0.0 ] } },
{ "type": "Feature", "properties": { "Name": "KUMA/BATPARA" }, "geometry": { "type": "Point", "coordinates": [ 81.0600135, 19.5248439, 0.0 ] } },
{ "type": "Feature", "properties": { "Name": "ACM RAJU NURETI @ MARO" }, "geometry": { "type": "Point", "coordinates": [ 80.7264453, 19.8738772, 0.0 ] } },
{ "type": "Feature", "properties": { "Name": "jondri kokpad" }, "geometry": { "type": "Point", "coordinates": [ 81.454802, 19.372987, 0.0 ] } },
{ "type": "Feature", "properties": { "Name": "Hirgenar" }, "geometry": { "type": "Point", "coordinates": [ 80.8772901, 19.8479451, 0.0 ] } },
{ "type": "Feature", "properties": { "Name": "KURKASA" }, "geometry": { "type": "Point", "coordinates": [ 80.9099988, 19.2540619, 0.0 ] } },
{ "type": "Feature", "properties": { "Name": "RASMETA" }, "geometry": { "type": "Point", "coordinates": [ 80.8429565, 19.2431068, 0.0 ] } },
{ "type": "Feature", "properties": { "Name": "Kandulnar" }, "geometry": { "type": "Point", "coordinates": [ 80.8445557, 19.7169571, 0.0 ] } },
{ "type": "Feature", "properties": { "Name": "GUNER" }, "geometry": { "type": "Point", "coordinates": [ 81.0180541, 19.7454495, 0.0 ] } },
{ "type": "Feature", "properties": { "Name": "Camp Jegur" }, "geometry": { "type": "Point", "coordinates": [ 80.8632307, 19.0662111, 0.0 ] } },
{ "type": "Feature", "properties": { "Name": "Varkor" }, "geometry": { "type": "Point", "coordinates": [ 80.8292731, 19.8784841, 0.0 ] } },
{ "type": "Feature", "properties": { "Name": "Ponad" }, "geometry": { "type": "Point", "coordinates": [ 81.1553302, 19.0835079, 0.0 ] } },
{ "type": "Feature", "properties": { "Name": "KASHOD" }, "geometry": { "type": "Point", "coordinates": [ 80.9556542, 19.3892577, 0.0 ] } },
{ "type": "Feature", "properties": { "Name": "Sudru ka ghar  pandru para" }, "geometry": { "type": "Point", "coordinates": [ 81.0397093, 19.1480865, 0.0 ] } },
{ "type": "Feature", "properties": { "Name": "KARKAPARA 2" }, "geometry": { "type": "Point", "coordinates": [ 80.9541695, 19.4066538, 0.0 ] } },
{ "type": "Feature", "properties": { "Name": "Medkom" }, "geometry": { "type": "Point", "coordinates": [ 81.0320828, 19.1368729, 0.0 ] } },
{ "type": "Feature", "properties": { "Name": "KUMURADI" }, "geometry": { "type": "Point", "coordinates": [ 80.9852191, 19.3812691, 0.0 ] } },
{ "type": "Feature", "properties": { "Name": "KUVA" }, "geometry": { "type": "Point", "coordinates": [ 80.9032068, 19.4812395, 0.0 ] } },
{ "type": "Feature", "properties": { "Name": "kolnar" }, "geometry": { "type": "Point", "coordinates": [ 80.9956162, 19.1237676, 0.0 ] } },
{ "type": "Feature", "properties": { "Name": "NETAM GHAR" }, "geometry": { "type": "Point", "coordinates": [ 80.8685217, 19.6197149, 0.0 ] } },
{ "type": "Feature", "properties": { "Name": "kiskal" }, "geometry": { "type": "Point", "coordinates": [ 81.0449372, 19.1135765, 0.0 ] } },
{ "type": "Feature", "properties": { "Name": "ghotul" }, "geometry": { "type": "Point", "coordinates": [ 80.9563519, 19.1828109, 0.0 ] } },
{ "type": "Feature", "properties": { "Name": "Gongla" }, "geometry": { "type": "Point", "coordinates": [ 81.0559796, 19.1215303, 0.0 ] } },
{ "type": "Feature", "properties": { "Name": "Kondodpara" }, "geometry": { "type": "Point", "coordinates": [ 81.0629982, 19.1206098, 0.0 ] } },
{ "type": "Feature", "properties": { "Name": "jadka" }, "geometry": { "type": "Point", "coordinates": [ 81.1350023, 19.1083354, 0.0 ] } },
{ "type": "Feature", "properties": { "Name": "Kokari" }, "geometry": { "type": "Point", "coordinates": [ 81.489925, 19.468131, 0.0 ] } },
{ "type": "Feature", "properties": { "Name": "putbeda" }, "geometry": { "type": "Point", "coordinates": [ 80.7973067, 19.7859565, 0.0 ] } },
{ "type": "Feature", "properties": { "Name": "Varkur" }, "geometry": { "type": "Point", "coordinates": [ 80.991687, 19.481071, 0.0 ] } },
{ "type": "Feature", "properties": { "Name": "Kunjewadapara" }, "geometry": { "type": "Point", "coordinates": [ 81.1654139, 19.1589833, 0.0 ] } },
{ "type": "Feature", "properties": { "Name": "Talnar" }, "geometry": { "type": "Point", "coordinates": [ 81.2674969, 19.2880052, 0.0 ] } },
{ "type": "Feature", "properties": { "Name": "basanti ka ghar" }, "geometry": { "type": "Point", "coordinates": [ 81.1415444, 19.1374944, 0.0 ] } },
{ "type": "Feature", "properties": { "Name": "pusallama" }, "geometry": { "type": "Point", "coordinates": [ 81.1564778, 19.1348639, 0.0 ] } },
{ "type": "Feature", "properties": { "Name": "nirmalaka ghar" }, "geometry": { "type": "Point", "coordinates": [ 81.1251722, 19.1443583, 0.0 ] } },
{ "type": "Feature", "properties": { "Name": "kawadi" }, "geometry": { "type": "Point", "coordinates": [ 81.1491083, 19.2178056, 0.0 ] } },
{ "type": "Feature", "properties": { "Name": "Madonar" }, "geometry": { "type": "Point", "coordinates": [ 81.2047993, 19.2009305, 0.0 ] } },
{ "type": "Feature", "properties": { "Name": "pardabhat" }, "geometry": { "type": "Point", "coordinates": [ 81.1831621, 19.2795012, 0.0 ] } },
{ "type": "Feature", "properties": { "Name": "rekapar" }, "geometry": { "type": "Point", "coordinates": [ 80.9041267, 19.1992579, 0.0 ] } }
]
}
